congestion_detection_starttime	congestion_detection_finishtime	numPeoplePerSec_ave	numPeoplePerSec_max	numPeoplePerSec_min	staytime_ave	staytime_max	staytime_min	human_unique_count
2020/01/10 16:59:00	2020/01/10 17:00:00	0.0	0	0	0.0	0	0	0
2020/01/10 17:04:00	2020/01/10 17:05:00	0.16666666666666666	10	10	1.0	1	1	10
2020/01/10 17:08:00	2020/01/10 17:09:00	1.3333333333333333	15	13	4.705882352941177	6	1	17
2020/01/10 17:08:00	2020/01/10 17:09:00	1.3333333333333333	15	13	4.705882352941177	6	1	17
2020/01/10 17:08:00	2020/01/10 17:09:00	1.3333333333333333	15	13	4.705882352941177	6	1	17
2020/01/10 17:08:00	2020/01/10 17:09:00	1.3333333333333333	15	13	4.705882352941177	6	1	17
2020/01/10 17:08:00	2020/01/10 17:09:00	1.3333333333333333	15	13	4.705882352941177	6	1	17
2020/01/10 17:08:00	2020/01/10 17:09:00	1.3333333333333333	15	13	4.705882352941177	6	1	17
2020/01/10 17:08:00	2020/01/10 17:09:00	1.3333333333333333	15	13	4.705882352941177	6	1	17
2020/01/10 17:12:00	2020/01/10 17:13:00	0.0	0	0	0.0	0	0	0
2020/01/10 17:33:00	2020/01/10 17:34:00	1.1	11	11	6.0	6	6	11
2020/01/10 17:39:00	2020/01/10 17:40:00	0.0	0	0	0.0	0	0	0
2020/01/10 17:40:00	2020/01/10 17:41:00	0.0	0	0	0.0	0	0	0
2020/01/10 17:41:00	2020/01/10 17:42:00	2.8	6	4	14.0	35	4	12
2020/01/10 17:41:00	2020/01/10 17:42:00	2.8	6	4	14.0	35	4	12
2020/01/10 17:41:00	2020/01/10 17:42:00	2.8	6	4	14.0	35	4	12
2020/01/10 17:41:00	2020/01/10 17:42:00	2.8	6	4	14.0	35	4	12
2020/01/10 17:41:00	2020/01/10 17:42:00	2.8	6	4	14.0	35	4	12
2020/01/10 17:41:00	2020/01/10 17:42:00	2.8	6	4	14.0	35	4	12
2020/01/10 17:45:00	2020/01/10 17:46:00	1.3666666666666667	9	7	9.11111111111111	10	4	9
2020/01/10 17:48:00	2020/01/10 17:49:00	0.9333333333333333	7	7	8.0	8	8	7
2020/01/10 17:49:00	2020/01/10 17:50:00	7.183333333333334	9	5	30.785714285714285	60	3	14
2020/01/10 17:49:00	2020/01/10 17:50:00	7.183333333333334	9	5	30.785714285714285	60	3	14
2020/01/10 17:55:00	2020/01/10 17:56:00	2.7666666666666666	7	3	15.090909090909092	35	2	11
2020/01/10 18:00:00	2020/01/10 18:01:00	5.216666666666667	6	4	34.77777777777778	60	1	9
2020/01/10 18:00:00	2020/01/10 18:01:00	5.216666666666667	6	4	34.77777777777778	60	1	9
2020/01/10 18:03:00	2020/01/10 18:04:00	0.2	7	5	1.5	2	1	8
2020/01/10 18:03:00	2020/01/10 18:04:00	0.2	7	5	1.5	2	1	8
2020/01/10 18:03:00	2020/01/10 18:04:00	0.2	7	5	1.5	2	1	8
2020/01/10 18:03:00	2020/01/10 18:04:00	0.2	7	5	1.5	2	1	8
2020/01/10 18:03:00	2020/01/10 18:04:00	0.2	7	5	1.5	2	1	8
2020/01/10 18:03:00	2020/01/10 18:04:00	0.2	7	5	1.5	2	1	8
2020/01/10 18:03:00	2020/01/10 18:04:00	0.2	7	5	1.5	2	1	8
2020/01/10 18:03:00	2020/01/10 18:04:00	0.2	7	5	1.5	2	1	8
2020/01/10 18:03:00	2020/01/10 18:04:00	0.2	7	5	1.5	2	1	8
2020/01/10 18:03:00	2020/01/10 18:04:00	0.2	7	5	1.5	2	1	8
2020/01/10 18:03:00	2020/01/10 18:04:00	0.2	7	5	1.5	2	1	8
2020/01/10 18:03:00	2020/01/10 18:04:00	0.2	7	5	1.5	2	1	8
2020/01/10 18:13:00	2020/01/10 18:14:00	0.0	0	0	0.0	0	0	0
2020/01/10 18:15:00	2020/01/10 18:16:00	0.0	0	0	0.0	0	0	0
2020/01/10 18:16:00	2020/01/10 18:17:00	6.75	9	6	22.5	58	2	18
2020/01/10 18:20:00	2020/01/10 18:21:00	5.466666666666667	8	4	23.428571428571427	60	3	14
2020/01/10 18:21:00	2020/01/10 18:22:00	6.916666666666667	10	4	20.75	60	2	20
2020/01/10 18:22:00	2020/01/10 18:23:00	3.3666666666666667	4	3	33.666666666666664	60	1	6
2020/01/10 18:23:00	2020/01/10 18:24:00	4.65	5	3	55.8	59	49	5
2020/01/10 18:24:00	2020/01/10 18:25:00	4.95	7	3	27.0	60	2	11
2020/01/10 18:25:00	2020/01/10 18:26:00	5.95	9	5	25.5	60	1	14
2020/01/10 18:26:00	2020/01/10 18:27:00	5.05	9	4	27.545454545454547	58	3	11
2020/01/10 18:27:00	2020/01/10 18:28:00	4.35	5	3	32.625	60	4	8
2020/01/10 18:28:00	2020/01/10 18:29:00	4.583333333333333	7	4	34.375	60	6	8
2020/01/10 18:29:00	2020/01/10 18:30:00	4.55	5	4	39.0	59	15	7
2020/01/10 18:30:00	2020/01/10 18:31:00	4.366666666666666	5	4	26.2	59	4	10
2020/01/10 18:31:00	2020/01/10 18:32:00	4.433333333333334	5	4	44.333333333333336	59	8	6
2020/01/10 18:32:00	2020/01/10 18:33:00	3.683333333333333	5	3	22.1	60	1	10
2020/01/10 18:33:00	2020/01/10 18:34:00	4.7	6	3	31.333333333333332	60	1	9
2020/01/10 18:34:00	2020/01/10 18:35:00	4.016666666666667	5	3	30.125	59	5	8
2020/01/10 18:35:00	2020/01/10 18:36:00	3.466666666666667	6	2	29.714285714285715	59	5	7
2020/01/10 18:36:00	2020/01/10 18:37:00	2.816666666666667	5	2	18.77777777777778	59	5	9
2020/01/10 18:37:00	2020/01/10 18:38:00	4.2	7	2	15.75	60	1	16
2020/01/10 18:38:00	2020/01/10 18:39:00	5.15	7	2	20.6	60	4	15
2020/01/10 18:39:00	2020/01/10 18:40:00	5.85	7	5	21.9375	60	1	16
2020/01/10 18:40:00	2020/01/10 18:41:00	8.733333333333333	10	7	24.952380952380953	60	4	21
2020/01/10 18:41:00	2020/01/10 18:42:00	6.866666666666666	8	5	18.727272727272727	59	2	22
2020/01/10 18:42:00	2020/01/10 18:43:00	7.016666666666667	8	5	35.083333333333336	60	3	12
2020/01/10 18:43:00	2020/01/10 18:44:00	7.1	9	6	32.76923076923077	60	5	13
2020/01/10 18:44:00	2020/01/10 18:45:00	7.416666666666667	8	7	44.5	60	7	10
2020/01/10 18:45:00	2020/01/10 18:46:00	6.1	7	6	52.285714285714285	60	6	7
2020/01/10 18:46:00	2020/01/10 18:47:00	5.883333333333334	7	5	35.3	59	5	10
2020/01/10 18:47:00	2020/01/10 18:48:00	6.266666666666667	7	6	31.333333333333332	60	1	12
2020/01/10 18:48:00	2020/01/10 18:49:00	6.066666666666666	7	4	30.333333333333332	60	2	12
2020/01/10 18:49:00	2020/01/10 18:50:00	6.216666666666667	8	5	20.72222222222222	59	3	18
2020/01/10 18:50:00	2020/01/10 18:51:00	4.65	6	3	21.46153846153846	59	3	13
2020/01/10 18:51:00	2020/01/10 18:52:00	6.283333333333333	9	4	22.176470588235293	60	5	17
2020/01/10 18:52:00	2020/01/10 18:53:00	6.216666666666667	7	5	31.083333333333332	59	3	12
2020/01/10 18:53:00	2020/01/10 18:54:00	6.383333333333334	7	5	34.81818181818182	59	8	11
2020/01/10 18:54:00	2020/01/10 18:55:00	5.766666666666667	7	5	26.615384615384617	60	2	13
2020/01/10 18:55:00	2020/01/10 18:56:00	7.516666666666667	11	6	23.736842105263158	60	4	19
2020/01/10 18:56:00	2020/01/10 18:57:00	6.316666666666666	10	5	21.055555555555557	58	1	18
2020/01/10 18:57:00	2020/01/10 18:58:00	5.45	7	5	36.333333333333336	59	6	9
2020/01/10 18:58:00	2020/01/10 18:59:00	5.683333333333334	8	4	21.3125	60	4	16
2020/01/10 18:59:00	2020/01/10 19:00:00	4.5	7	3	18.0	60	2	15
2020/01/10 19:00:00	2020/01/10 19:01:00	4.416666666666667	6	3	24.09090909090909	60	1	11
2020/01/10 19:01:00	2020/01/10 19:02:00	5.583333333333333	7	5	33.5	60	5	10
2020/01/10 19:02:00	2020/01/10 19:03:00	5.816666666666666	8	4	19.38888888888889	60	1	18
2020/01/10 19:03:00	2020/01/10 19:04:00	4.566666666666666	6	3	22.833333333333332	60	1	12
2020/01/10 19:04:00	2020/01/10 19:05:00	4.4	6	3	22.0	59	3	12
2020/01/10 19:05:00	2020/01/10 19:06:00	4.5	6	4	27.0	59	4	10
2020/01/10 19:06:00	2020/01/10 19:07:00	5.033333333333333	6	4	25.166666666666668	60	5	12
2020/01/10 19:07:00	2020/01/10 19:08:00	5.783333333333333	7	5	31.545454545454547	59	2	11
2020/01/10 19:08:00	2020/01/10 19:09:00	5.216666666666667	6	5	39.125	60	3	8
2020/01/10 19:09:00	2020/01/10 19:10:00	5.85	8	5	27.0	60	5	13
2020/01/10 19:10:00	2020/01/10 19:11:00	6.616666666666666	8	5	23.352941176470587	58	4	17
2020/01/10 19:11:00	2020/01/10 19:12:00	5.983333333333333	7	5	32.63636363636363	59	6	11
2020/01/10 19:12:00	2020/01/10 19:13:00	6.083333333333333	8	5	33.18181818181818	60	5	11
2020/01/10 19:13:00	2020/01/10 19:14:00	7.266666666666667	10	5	25.647058823529413	59	3	17
2020/01/10 19:14:00	2020/01/10 19:15:00	6.133333333333334	7	5	28.307692307692307	60	5	13
2020/01/10 19:15:00	2020/01/10 19:16:00	5.633333333333334	7	5	26.0	60	1	13
2020/01/10 19:16:00	2020/01/10 19:17:00	6.0	7	5	27.692307692307693	60	1	13
2020/01/10 19:17:00	2020/01/10 19:18:00	5.783333333333333	8	5	34.7	58	5	10
2020/01/10 19:18:00	2020/01/10 19:19:00	5.683333333333334	7	5	28.416666666666668	60	1	12
2020/01/10 19:19:00	2020/01/10 19:20:00	6.266666666666667	8	5	31.333333333333332	60	2	12
2020/01/10 19:20:00	2020/01/10 19:21:00	7.4	9	6	31.714285714285715	60	6	14
2020/01/10 19:21:00	2020/01/10 19:22:00	5.05	6	5	50.5	60	3	6
2020/01/10 19:22:00	2020/01/10 19:23:00	5.283333333333333	6	5	45.285714285714285	58	5	7
2020/01/10 19:23:00	2020/01/10 19:24:00	5.633333333333334	7	5	37.55555555555556	59	4	9
2020/01/10 19:24:00	2020/01/10 19:25:00	6.083333333333333	7	5	33.18181818181818	60	2	11
2020/01/10 19:25:00	2020/01/10 19:26:00	6.366666666666666	8	6	42.44444444444444	60	3	9
2020/01/10 19:26:00	2020/01/10 19:27:00	4.75	8	4	25.90909090909091	60	1	11
2020/01/10 19:27:00	2020/01/10 19:28:00	4.6	5	4	27.6	60	1	10
2020/01/10 19:28:00	2020/01/10 19:29:00	3.3666666666666667	6	2	28.857142857142858	60	5	7
2020/01/10 19:29:00	2020/01/10 19:30:00	2.2	3	1	22.0	60	5	6
2020/01/10 19:30:00	2020/01/10 19:31:00	1.9833333333333334	5	1	23.8	60	5	5
2020/01/10 19:31:00	2020/01/10 19:32:00	1.6	3	1	24.0	59	5	4
2020/01/10 19:32:00	2020/01/10 19:33:00	2.0	2	2	60.0	60	60	2
2020/01/10 19:33:00	2020/01/10 19:34:00	2.0	2	2	60.0	60	60	2
2020/01/10 19:34:00	2020/01/10 19:35:00	2.0	2	2	60.0	60	60	2
2020/01/10 19:35:00	2020/01/10 19:36:00	1.9333333333333333	3	1	29.0	59	2	4
2020/01/10 19:36:00	2020/01/10 19:37:00	1.95	3	2	39.0	58	3	3
2020/01/10 19:37:00	2020/01/10 19:38:00	2.0	2	2	60.0	60	60	2
2020/01/10 19:38:00	2020/01/10 19:39:00	1.6833333333333333	2	1	25.25	60	5	4
2020/01/10 19:39:00	2020/01/10 19:40:00	1.85	2	1	37.0	60	1	3
2020/01/10 19:40:00	2020/01/10 19:41:00	1.9666666666666666	2	2	59.0	59	59	2
2020/01/10 19:41:00	2020/01/10 19:42:00	1.95	2	1	39.0	60	3	3
2020/01/10 19:42:00	2020/01/10 19:43:00	1.9666666666666666	2	2	59.0	59	59	2
2020/01/10 19:43:00	2020/01/10 19:44:00	2.15	3	1	25.8	60	2	5
2020/01/10 19:44:00	2020/01/10 19:45:00	2.4	3	2	24.0	60	4	6
2020/01/10 19:45:00	2020/01/10 19:46:00	2.6166666666666667	3	2	19.625	57	1	8
2020/01/10 19:46:00	2020/01/10 19:47:00	2.65	3	2	26.5	60	5	6
2020/01/10 19:47:00	2020/01/10 19:48:00	2.8833333333333333	3	2	28.833333333333332	60	5	6
2020/01/10 19:48:00	2020/01/10 19:49:00	2.6666666666666665	3	1	20.0	59	4	8
2020/01/10 19:49:00	2020/01/10 19:50:00	1.7833333333333334	3	1	21.4	59	2	5
2020/01/10 19:50:00	2020/01/10 19:51:00	1.9666666666666666	2	2	59.0	59	59	2
2020/01/10 19:51:00	2020/01/10 19:52:00	2.0	2	2	60.0	60	60	2
2020/01/10 19:52:00	2020/01/10 19:53:00	2.033333333333333	3	2	40.666666666666664	60	8	3
2020/01/10 19:53:00	2020/01/10 19:54:00	2.216666666666667	3	2	44.333333333333336	60	13	3
2020/01/10 19:54:00	2020/01/10 19:55:00	2.933333333333333	3	2	35.2	60	7	5
2020/01/10 19:55:00	2020/01/10 19:56:00	3.0	3	3	60.0	60	60	3
2020/01/10 19:56:00	2020/01/10 19:57:00	3.0	3	3	60.0	60	60	3
2020/01/10 19:57:00	2020/01/10 19:58:00	2.816666666666667	3	2	33.8	60	5	5
2020/01/10 19:58:00	2020/01/10 19:59:00	3.0	3	3	60.0	60	60	3
2020/01/10 19:59:00	2020/01/10 20:00:00	3.0	3	3	60.0	60	60	3
2020/01/10 20:00:00	2020/01/10 20:01:00	4.05	9	3	20.25	59	1	12
2020/01/10 20:01:00	2020/01/10 20:02:00	3.3333333333333335	8	2	22.22222222222222	60	8	9
2020/01/10 20:02:00	2020/01/10 20:03:00	3.0	3	3	60.0	60	60	3
2020/01/10 20:03:00	2020/01/10 20:04:00	3.0	3	3	60.0	60	60	3
2020/01/10 20:04:00	2020/01/10 20:05:00	3.0	3	3	60.0	60	60	3
2020/01/10 20:05:00	2020/01/10 20:06:00	3.0	3	3	60.0	60	60	3
2020/01/10 20:06:00	2020/01/10 20:07:00	3.0	3	3	60.0	60	60	3
2020/01/10 20:07:00	2020/01/10 20:08:00	3.0	3	3	60.0	60	60	3
2020/01/10 20:08:00	2020/01/10 20:09:00	3.1333333333333333	4	3	37.6	59	5	5
2020/01/10 20:09:00	2020/01/10 20:10:00	2.95	3	3	59.0	59	59	3
2020/01/10 20:10:00	2020/01/10 20:11:00	3.0	3	3	60.0	60	60	3
2020/01/10 20:11:00	2020/01/10 20:12:00	3.2	4	3	48.0	60	12	4
2020/01/10 20:13:00	2020/01/10 20:14:00	2.95	3	2	44.25	60	25	4
2020/01/10 20:14:00	2020/01/10 20:15:00	3.0	3	3	60.0	60	60	3
2020/01/10 20:15:00	2020/01/10 20:16:00	2.966666666666667	3	2	35.6	60	3	5
2020/01/10 20:16:00	2020/01/10 20:17:00	3.0	3	3	60.0	60	60	3
2020/01/10 20:17:00	2020/01/10 20:18:00	2.95	3	3	59.0	59	59	3
2020/01/10 20:18:00	2020/01/10 20:19:00	2.8833333333333333	3	2	43.25	58	12	4
2020/01/10 20:19:00	2020/01/10 20:20:00	2.9833333333333334	3	2	44.75	60	28	4
2020/01/10 20:20:00	2020/01/10 20:21:00	2.9	3	3	58.0	58	58	3
2020/01/10 20:21:00	2020/01/10 20:22:00	3.0	3	3	45.0	60	4	4
2020/01/10 20:22:00	2020/01/10 20:23:00	2.1333333333333333	3	2	32.0	60	4	4
2020/01/10 20:23:00	2020/01/10 20:24:00	3.0166666666666666	4	3	45.25	60	30	4
2020/01/10 20:24:00	2020/01/10 20:25:00	2.95	3	3	44.25	59	25	4
2020/01/10 20:25:00	2020/01/10 20:26:00	2.95	3	2	44.25	60	7	4
2020/01/10 20:26:00	2020/01/10 20:27:00	2.966666666666667	4	3	44.5	59	20	4
2020/01/10 20:27:00	2020/01/10 20:28:00	3.0	3	3	45.0	60	20	4
2020/01/10 20:28:00	2020/01/10 20:29:00	3.0	3	3	60.0	60	60	3
2020/01/10 20:29:00	2020/01/10 20:30:00	3.0833333333333335	4	3	46.25	60	5	4
2020/01/10 20:30:00	2020/01/10 20:31:00	2.1333333333333333	3	2	32.0	60	2	4
2020/01/10 20:31:00	2020/01/10 20:32:00	1.9666666666666666	2	2	59.0	59	59	2
2020/01/10 20:32:00	2020/01/10 20:33:00	2.0	2	2	60.0	60	60	2
2020/01/10 20:33:00	2020/01/10 20:34:00	2.0	2	2	60.0	60	60	2
2020/01/10 20:34:00	2020/01/10 20:35:00	1.9666666666666666	2	2	59.0	59	59	2
2020/01/10 20:35:00	2020/01/10 20:36:00	2.183333333333333	4	2	32.75	60	2	4
2020/01/10 20:36:00	2020/01/10 20:37:00	2.8833333333333333	4	2	28.833333333333332	58	9	6
2020/01/10 20:37:00	2020/01/10 20:38:00	1.9666666666666666	2	2	59.0	59	59	2
2020/01/10 20:38:00	2020/01/10 20:39:00	1.9833333333333334	2	1	39.666666666666664	60	21	3
2020/01/10 20:39:00	2020/01/10 20:40:00	2.0	2	2	60.0	60	60	2
2020/01/10 20:40:00	2020/01/10 20:41:00	2.0	2	2	60.0	60	60	2
2020/01/10 20:41:00	2020/01/10 20:42:00	1.9666666666666666	2	2	59.0	59	59	2
2020/01/10 20:42:00	2020/01/10 20:43:00	2.183333333333333	4	2	32.75	59	6	4
2020/01/10 20:43:00	2020/01/10 20:44:00	3.1333333333333333	4	3	37.6	60	3	5
2020/01/10 20:44:00	2020/01/10 20:45:00	3.25	4	3	27.857142857142858	59	5	7
2020/01/10 20:45:00	2020/01/10 20:46:00	2.533333333333333	3	2	25.333333333333332	60	5	6
2020/01/10 20:46:00	2020/01/10 20:47:00	2.9833333333333334	5	2	19.88888888888889	60	3	9
2020/01/10 20:47:00	2020/01/10 20:48:00	2.816666666666667	5	1	13.0	59	1	13
2020/01/10 20:48:00	2020/01/10 20:49:00	2.8	4	2	24.0	59	2	7
2020/01/10 20:50:00	2020/01/10 20:51:00	2.8333333333333335	4	2	18.88888888888889	60	5	9
2020/01/10 20:51:00	2020/01/10 20:52:00	3.3833333333333333	5	3	29.0	60	1	7
2020/01/10 20:52:00	2020/01/10 20:53:00	3.25	5	2	21.666666666666668	60	5	9
2020/01/10 20:53:00	2020/01/10 20:54:00	2.65	4	2	31.8	58	3	5
2020/01/10 20:54:00	2020/01/10 20:55:00	2.933333333333333	4	2	25.142857142857142	59	2	7
2020/01/10 20:55:00	2020/01/10 20:56:00	3.2666666666666666	4	2	32.666666666666664	60	6	6
2020/01/10 20:56:00	2020/01/10 20:57:00	3.183333333333333	4	3	38.2	60	11	5
2020/01/10 20:57:00	2020/01/10 20:58:00	3.2333333333333334	4	2	21.555555555555557	60	5	9
2020/01/10 20:58:00	2020/01/10 20:59:00	2.2333333333333334	3	2	44.666666666666664	60	14	3
2020/01/10 20:59:00	2020/01/10 21:00:00	2.0833333333333335	3	2	41.666666666666664	59	7	3
2020/01/10 21:00:00	2020/01/10 21:01:00	2.2333333333333334	4	2	26.8	59	3	5
2020/01/10 21:01:00	2020/01/10 21:02:00	2.1166666666666667	3	2	31.75	60	2	4
2020/01/10 21:02:00	2020/01/10 21:03:00	2.0	2	2	60.0	60	60	2
2020/01/10 21:03:00	2020/01/10 21:04:00	2.35	3	2	28.2	59	5	5
2020/01/10 21:04:00	2020/01/10 21:05:00	2.2	3	2	33.0	60	5	4
2020/01/10 21:05:00	2020/01/10 21:06:00	2.75	3	2	27.5	59	3	6
2020/01/10 21:06:00	2020/01/10 21:07:00	2.8833333333333333	4	2	34.6	59	5	5
2020/01/10 21:07:00	2020/01/10 21:08:00	2.0833333333333335	3	2	41.666666666666664	60	5	3
2020/01/10 21:08:00	2020/01/10 21:09:00	2.283333333333333	3	2	34.25	60	5	4
2020/01/10 21:09:00	2020/01/10 21:10:00	2.0	2	2	60.0	60	60	2
2020/01/10 21:10:00	2020/01/10 21:11:00	2.3666666666666667	4	1	20.285714285714285	60	5	7
2020/01/10 21:11:00	2020/01/10 21:12:00	2.183333333333333	4	1	11.909090909090908	60	2	11
2020/01/10 21:12:00	2020/01/10 21:13:00	2.9166666666666665	5	2	15.909090909090908	59	3	11
2020/01/10 21:13:00	2020/01/10 21:14:00	1.6666666666666667	5	1	16.666666666666668	59	5	6
2020/01/10 21:14:00	2020/01/10 21:15:00	1.0	1	1	60.0	60	60	1
2020/01/10 21:15:00	2020/01/10 21:16:00	1.0	1	1	60.0	60	60	1
2020/01/10 21:16:00	2020/01/10 21:17:00	1.0	1	1	60.0	60	60	1
2020/01/10 21:17:00	2020/01/10 21:18:00	0.9833333333333333	1	1	59.0	59	59	1
2020/01/10 21:18:00	2020/01/10 21:19:00	1.0	1	1	60.0	60	60	1
2020/01/10 21:19:00	2020/01/10 21:20:00	0.9833333333333333	1	1	59.0	59	59	1
2020/01/10 21:20:00	2020/01/10 21:21:00	1.0	1	1	60.0	60	60	1
2020/01/10 21:21:00	2020/01/10 21:22:00	1.0	1	1	60.0	60	60	1
2020/01/10 21:22:00	2020/01/10 21:23:00	1.0	1	1	60.0	60	60	1
2020/01/10 21:23:00	2020/01/10 21:24:00	1.0	1	1	60.0	60	60	1
2020/01/10 21:24:00	2020/01/10 21:25:00	0.9833333333333333	1	1	59.0	59	59	1
2020/01/10 21:25:00	2020/01/10 21:26:00	0.9833333333333333	1	1	59.0	59	59	1
2020/01/10 21:26:00	2020/01/10 21:27:00	1.0	1	1	60.0	60	60	1
2020/01/10 21:27:00	2020/01/10 21:28:00	1.1	2	1	33.0	59	7	2
2020/01/10 21:28:00	2020/01/10 21:29:00	1.0	1	1	60.0	60	60	1
2020/01/10 21:29:00	2020/01/10 21:30:00	1.0	1	1	60.0	60	60	1
2020/01/10 21:30:00	2020/01/10 21:31:00	0.9833333333333333	1	1	59.0	59	59	1
2020/01/10 21:31:00	2020/01/10 21:32:00	0.9833333333333333	1	1	59.0	59	59	1
2020/01/10 21:32:00	2020/01/10 21:33:00	1.0	1	1	60.0	60	60	1
2020/01/10 21:33:00	2020/01/10 21:34:00	1.2166666666666666	2	1	24.333333333333332	60	6	3
2020/01/10 21:34:00	2020/01/10 21:35:00	1.3333333333333333	2	1	26.666666666666668	59	1	3
2020/01/10 21:35:00	2020/01/10 21:36:00	1.9333333333333333	2	1	38.666666666666664	60	25	3
2020/01/10 21:36:00	2020/01/10 21:37:00	1.5	2	1	30.0	60	5	3
2020/01/10 21:37:00	2020/01/10 21:38:00	1.3	2	1	26.0	59	6	3
2020/01/10 21:38:00	2020/01/10 21:39:00	1.4666666666666666	2	1	44.0	59	29	2
2020/01/10 21:39:00	2020/01/10 21:40:00	0.9833333333333333	1	1	59.0	59	59	1
2020/01/10 21:40:00	2020/01/10 21:41:00	1.0	1	1	60.0	60	60	1
2020/01/10 21:41:00	2020/01/10 21:42:00	1.0	1	1	60.0	60	60	1
2020/01/10 21:42:00	2020/01/10 21:43:00	0.9833333333333333	1	1	59.0	59	59	1
2020/01/10 21:43:00	2020/01/10 21:44:00	1.0	1	1	60.0	60	60	1
2020/01/10 21:44:00	2020/01/10 21:45:00	1.0	1	1	60.0	60	60	1
2020/01/10 21:45:00	2020/01/10 21:46:00	1.0	1	1	60.0	60	60	1
2020/01/10 21:46:00	2020/01/10 21:47:00	1.1333333333333333	2	1	34.0	60	8	2
2020/01/10 21:47:00	2020/01/10 21:48:00	2.0	2	2	60.0	60	60	2
2020/01/10 21:48:00	2020/01/10 21:49:00	1.2666666666666666	2	1	38.0	59	17	2
2020/01/10 21:49:00	2020/01/10 21:50:00	1.0	1	1	60.0	60	60	1
2020/01/10 21:50:00	2020/01/10 21:51:00	1.6166666666666667	3	1	16.166666666666668	59	5	6
2020/01/10 21:51:00	2020/01/10 21:52:00	1.6333333333333333	3	1	12.25	54	3	8
2020/01/10 21:52:00	2020/01/10 21:53:00	1.5	3	1	15.0	46	5	6
2020/01/10 21:53:00	2020/01/10 21:54:00	0.9666666666666667	2	1	14.5	27	5	4
2020/01/10 21:54:00	2020/01/10 21:55:00	1.2166666666666666	2	1	18.25	29	7	4
2020/01/10 21:55:00	2020/01/10 21:56:00	0.55	2	1	11.0	18	7	3
2020/01/10 21:56:00	2020/01/10 21:57:00	0.0	0	0	0.0	0	0	0
2020/01/10 21:57:00	2020/01/10 21:58:00	0.0	0	0	0.0	0	0	0
2020/01/10 21:58:00	2020/01/10 21:59:00	0.0	0	0	0.0	0	0	0
2020/01/10 21:59:00	2020/01/10 22:00:00	0.0	0	0	0.0	0	0	0
2020/01/10 22:00:00	2020/01/10 22:01:00	1.1	5	2	13.2	14	12	5
2020/01/10 22:01:00	2020/01/10 22:02:00	4.316666666666666	5	4	37.0	60	5	7
2020/01/10 22:02:00	2020/01/10 22:03:00	3.966666666666667	5	4	47.6	58	6	5
2020/01/10 22:03:00	2020/01/10 22:04:00	4.3	5	4	36.857142857142854	60	3	7
2020/01/10 22:04:00	2020/01/10 22:05:00	4.283333333333333	5	4	32.125	60	4	8
2020/01/10 22:05:00	2020/01/10 22:06:00	4.183333333333334	5	3	41.833333333333336	60	20	6
2020/01/10 22:06:00	2020/01/10 22:07:00	4.0	4	4	60.0	60	60	4
2020/01/10 22:07:00	2020/01/10 22:08:00	4.066666666666666	5	4	48.8	59	32	5
2020/01/10 22:08:00	2020/01/10 22:09:00	4.166666666666667	5	4	41.666666666666664	60	4	6
2020/01/10 22:09:00	2020/01/10 22:10:00	4.083333333333333	6	4	40.833333333333336	60	1	6
2020/01/10 22:10:00	2020/01/10 22:11:00	4.3	6	4	32.25	59	4	8
2020/01/10 22:11:00	2020/01/10 22:12:00	4.2	5	4	42.0	60	5	6
2020/01/10 22:12:00	2020/01/10 22:13:00	4.166666666666667	5	4	41.666666666666664	60	4	6
2020/01/10 22:13:00	2020/01/10 22:14:00	4.266666666666667	5	4	42.666666666666664	60	13	6
2020/01/10 22:14:00	2020/01/10 22:15:00	4.066666666666666	5	4	48.8	59	8	5
2020/01/10 22:15:00	2020/01/10 22:16:00	4.05	5	4	48.6	60	4	5
2020/01/10 22:16:00	2020/01/10 22:17:00	4.166666666666667	5	4	41.666666666666664	60	5	6
2020/01/10 22:17:00	2020/01/10 22:18:00	4.2	5	4	36.0	60	2	7
2020/01/10 22:18:00	2020/01/10 22:19:00	4.2	5	4	36.0	60	3	7
2020/01/10 22:19:00	2020/01/10 22:20:00	4.066666666666666	5	4	48.8	59	8	5
2020/01/10 22:20:00	2020/01/10 22:21:00	4.133333333333334	5	4	41.333333333333336	60	8	6
2020/01/10 22:21:00	2020/01/10 22:22:00	3.8666666666666667	4	4	58.0	58	58	4
2020/01/10 22:22:00	2020/01/10 22:23:00	4.216666666666667	6	4	36.142857142857146	60	4	7
2020/01/10 22:23:00	2020/01/10 22:24:00	4.0	4	4	60.0	60	60	4
2020/01/10 22:24:00	2020/01/10 22:25:00	3.933333333333333	4	4	59.0	59	59	4
2020/01/10 22:25:00	2020/01/10 22:26:00	3.933333333333333	4	4	59.0	59	59	4
2020/01/10 22:26:00	2020/01/10 22:27:00	4.133333333333334	5	4	41.333333333333336	60	5	6
2020/01/10 22:27:00	2020/01/10 22:28:00	4.066666666666666	5	4	48.8	60	4	5
2020/01/10 22:28:00	2020/01/10 22:29:00	4.3	6	4	32.25	59	4	8
2020/01/10 22:29:00	2020/01/10 22:30:00	4.0	5	4	48.0	58	8	5
2020/01/10 22:30:00	2020/01/10 22:31:00	4.066666666666666	5	4	48.8	60	4	5
2020/01/10 22:31:00	2020/01/10 22:32:00	4.083333333333333	5	4	49.0	60	5	5
2020/01/10 22:32:00	2020/01/10 22:33:00	4.216666666666667	6	4	36.142857142857146	60	5	7
2020/01/10 22:33:00	2020/01/10 22:34:00	4.0	4	4	60.0	60	60	4
2020/01/10 22:34:00	2020/01/10 22:35:00	4.083333333333333	5	4	40.833333333333336	60	1	6
2020/01/10 22:35:00	2020/01/10 22:36:00	4.183333333333334	5	4	35.857142857142854	59	3	7
2020/01/10 22:36:00	2020/01/10 22:37:00	4.116666666666666	5	4	35.285714285714285	59	3	7
2020/01/10 22:37:00	2020/01/10 22:38:00	4.2	5	4	31.5	60	2	8
2020/01/10 22:38:00	2020/01/10 22:39:00	4.3	5	4	32.25	60	4	8
2020/01/10 22:39:00	2020/01/10 22:40:00	4.016666666666667	5	4	48.2	59	31	5
2020/01/10 22:40:00	2020/01/10 22:41:00	4.0	5	4	48.0	59	4	5
2020/01/10 22:41:00	2020/01/10 22:42:00	4.0	4	4	48.0	60	27	5
2020/01/10 22:42:00	2020/01/10 22:43:00	3.933333333333333	4	4	59.0	59	59	4
2020/01/10 22:43:00	2020/01/10 22:44:00	4.083333333333333	5	4	49.0	60	5	5
2020/01/10 22:44:00	2020/01/10 22:45:00	3.9833333333333334	5	3	39.833333333333336	59	4	6
2020/01/10 22:45:00	2020/01/10 22:46:00	3.95	5	4	47.4	59	1	5
2020/01/10 22:46:00	2020/01/10 22:47:00	4.25	5	4	42.5	60	13	6
2020/01/10 22:47:00	2020/01/10 22:48:00	4.05	5	4	48.6	60	10	5
2020/01/10 22:48:00	2020/01/10 22:49:00	4.216666666666667	6	4	36.142857142857146	60	5	7
2020/01/10 22:49:00	2020/01/10 22:50:00	4.166666666666667	6	4	31.25	59	4	8
2020/01/10 22:50:00	2020/01/10 22:51:00	4.1	5	4	41.0	58	4	6
2020/01/10 22:51:00	2020/01/10 22:52:00	3.966666666666667	5	4	39.666666666666664	58	1	6
2020/01/10 22:52:00	2020/01/10 22:53:00	4.0	4	4	48.0	60	26	5
2020/01/10 22:53:00	2020/01/10 22:54:00	4.333333333333333	5	4	32.5	60	5	8
2020/01/10 22:54:00	2020/01/10 22:55:00	4.083333333333333	5	4	49.0	60	5	5
2020/01/10 22:55:00	2020/01/10 22:56:00	4.166666666666667	5	4	41.666666666666664	59	4	6
2020/01/10 22:56:00	2020/01/10 22:57:00	4.016666666666667	5	4	40.166666666666664	58	4	6
2020/01/10 22:57:00	2020/01/10 22:58:00	4.066666666666666	5	4	48.8	60	16	5
2020/01/10 22:58:00	2020/01/10 22:59:00	4.3	5	4	36.857142857142854	60	5	7
2020/01/10 22:59:00	2020/01/10 23:00:00	4.0	5	4	48.0	59	19	5
2020/01/10 23:00:00	2020/01/10 23:01:00	4.0	4	4	60.0	60	60	4
2020/01/10 23:01:00	2020/01/10 23:02:00	4.133333333333334	5	4	41.333333333333336	60	13	6
2020/01/10 23:02:00	2020/01/10 23:03:00	4.166666666666667	5	4	41.666666666666664	60	4	6
2020/01/10 23:03:00	2020/01/10 23:04:00	4.216666666666667	5	4	28.11111111111111	59	4	9
2020/01/10 23:04:00	2020/01/10 23:05:00	4.066666666666666	5	4	48.8	60	4	5
2020/01/10 23:05:00	2020/01/10 23:06:00	4.05	5	3	34.714285714285715	59	13	7
2020/01/10 23:06:00	2020/01/10 23:07:00	4.0	4	4	48.0	60	12	5
2020/01/10 23:07:00	2020/01/10 23:08:00	4.333333333333333	5	4	43.333333333333336	60	7	6
2020/01/10 23:08:00	2020/01/10 23:09:00	4.066666666666666	5	4	48.8	60	4	5
2020/01/10 23:09:00	2020/01/10 23:10:00	4.0	5	4	48.0	59	4	5
2020/01/10 23:10:00	2020/01/10 23:11:00	3.8666666666666667	5	3	33.142857142857146	57	3	7
2020/01/10 23:11:00	2020/01/10 23:12:00	4.2	5	4	36.0	60	5	7
2020/01/10 23:12:00	2020/01/10 23:13:00	4.216666666666667	6	4	31.625	60	4	8
2020/01/10 23:13:00	2020/01/10 23:14:00	4.2	5	4	42.0	60	5	6
2020/01/10 23:14:00	2020/01/10 23:15:00	4.016666666666667	5	4	40.166666666666664	58	10	6
2020/01/10 23:15:00	2020/01/10 23:16:00	3.8666666666666667	4	4	46.4	58	22	5
2020/01/10 23:16:00	2020/01/10 23:17:00	4.133333333333334	5	4	49.6	59	29	5
2020/01/10 23:17:00	2020/01/10 23:18:00	4.116666666666666	5	4	49.4	60	7	5
2020/01/10 23:19:00	2020/01/10 23:20:00	4.066666666666666	5	4	40.666666666666664	60	4	6
2020/01/10 23:20:00	2020/01/10 23:21:00	4.4	5	4	37.714285714285715	60	4	7
2020/01/10 23:21:00	2020/01/10 23:22:00	3.933333333333333	5	4	39.333333333333336	58	1	6
2020/01/10 23:22:00	2020/01/10 23:23:00	3.9	4	3	58.5	59	57	4
2020/01/10 23:23:00	2020/01/10 23:24:00	4.083333333333333	5	4	40.833333333333336	59	4	6
2020/01/10 23:24:00	2020/01/10 23:25:00	4.166666666666667	5	4	41.666666666666664	60	5	6
2020/01/10 23:25:00	2020/01/10 23:26:00	4.083333333333333	5	4	40.833333333333336	59	4	6
2020/01/10 23:26:00	2020/01/10 23:27:00	4.033333333333333	5	3	26.88888888888889	57	2	9
2020/01/10 23:27:00	2020/01/10 23:28:00	4.083333333333333	5	4	49.0	60	5	5
2020/01/10 23:28:00	2020/01/10 23:29:00	4.066666666666666	5	4	48.8	60	4	5
2020/01/10 23:29:00	2020/01/10 23:30:00	4.1	5	4	49.2	60	6	5
2020/01/10 23:30:00	2020/01/10 23:31:00	3.9166666666666665	4	3	47.0	59	4	5
2020/01/10 23:31:00	2020/01/10 23:32:00	4.233333333333333	5	4	36.285714285714285	60	5	7
2020/01/10 23:32:00	2020/01/10 23:33:00	4.066666666666666	5	4	40.666666666666664	60	5	6
2020/01/10 23:33:00	2020/01/10 23:34:00	4.0	4	4	48.0	60	6	5
2020/01/10 23:34:00	2020/01/10 23:35:00	4.15	5	4	41.5	60	4	6
2020/01/10 23:35:00	2020/01/10 23:36:00	4.25	5	4	31.875	60	5	8
2020/01/10 23:36:00	2020/01/10 23:37:00	4.016666666666667	5	4	48.2	60	1	5
2020/01/10 23:37:00	2020/01/10 23:38:00	4.233333333333333	5	4	31.75	59	3	8
2020/01/10 23:38:00	2020/01/10 23:39:00	4.15	5	4	41.5	60	4	6
2020/01/10 23:39:00	2020/01/10 23:40:00	4.0	4	4	60.0	60	60	4
2020/01/10 23:40:00	2020/01/10 23:41:00	3.9833333333333334	5	3	29.875	58	4	8
2020/01/10 23:41:00	2020/01/10 23:42:00	4.0	5	3	34.285714285714285	59	4	7
2020/01/10 23:42:00	2020/01/10 23:43:00	4.25	5	4	31.875	60	5	8
2020/01/10 23:43:00	2020/01/10 23:44:00	4.183333333333334	5	4	31.375	60	2	8
2020/01/10 23:44:00	2020/01/10 23:45:00	4.05	5	4	27.0	56	3	9
2020/01/10 23:45:00	2020/01/10 23:46:00	4.283333333333333	5	4	28.555555555555557	60	3	9
2020/01/10 23:46:00	2020/01/10 23:47:00	4.05	5	4	48.6	60	3	5
2020/01/10 23:47:00	2020/01/10 23:48:00	4.033333333333333	5	4	48.4	60	2	5
2020/01/10 23:48:00	2020/01/10 23:49:00	3.85	5	4	46.2	57	3	5
2020/01/10 23:49:00	2020/01/10 23:50:00	4.1	5	4	41.0	58	8	6
2020/01/10 23:50:00	2020/01/10 23:51:00	4.133333333333334	5	4	24.8	60	1	10
2020/01/10 23:51:00	2020/01/10 23:52:00	4.133333333333334	5	4	35.42857142857143	59	7	7
2020/01/10 23:52:00	2020/01/10 23:53:00	4.083333333333333	5	3	35.0	60	1	7
2020/01/10 23:53:00	2020/01/10 23:54:00	4.0	4	4	60.0	60	60	4
2020/01/10 23:54:00	2020/01/10 23:55:00	4.116666666666666	5	3	27.444444444444443	60	5	9
2020/01/10 23:55:00	2020/01/10 23:56:00	4.05	5	4	40.5	58	21	6
2020/01/10 23:56:00	2020/01/10 23:57:00	4.15	5	4	35.57142857142857	60	5	7
2020/01/10 23:57:00	2020/01/10 23:58:00	4.083333333333333	5	4	40.833333333333336	60	5	6
2020/01/10 23:58:00	2020/01/10 23:59:00	4.066666666666666	5	4	48.8	60	13	5
2020/01/10 23:59:00	2020/01/11 00:00:00	3.8	5	4	45.6	56	4	5
2020/01/11 00:00:00	2020/01/11 00:01:00	4.1	5	3	35.142857142857146	60	4	7
2020/01/11 00:01:00	2020/01/11 00:02:00	4.1	5	4	41.0	60	8	6
2020/01/11 00:02:00	2020/01/11 00:03:00	3.9833333333333334	4	3	39.833333333333336	60	4	6
2020/01/11 00:03:00	2020/01/11 00:04:00	4.15	5	4	35.57142857142857	60	4	7
2020/01/11 00:04:00	2020/01/11 00:05:00	4.083333333333333	5	4	40.833333333333336	60	5	6
2020/01/11 00:05:00	2020/01/11 00:06:00	4.2	6	3	25.2	58	5	10
2020/01/11 00:06:00	2020/01/11 00:07:00	3.966666666666667	4	3	47.6	60	4	5
2020/01/11 00:07:00	2020/01/11 00:08:00	4.166666666666667	5	4	41.666666666666664	60	12	6
2020/01/11 00:08:00	2020/01/11 00:09:00	4.166666666666667	5	4	41.666666666666664	60	7	6
2020/01/11 00:09:00	2020/01/11 00:10:00	3.95	4	3	39.5	60	12	6
2020/01/11 00:10:00	2020/01/11 00:11:00	3.4833333333333334	5	1	34.833333333333336	50	5	6
2020/01/11 00:11:00	2020/01/11 00:12:00	0.0	0	0	0.0	0	0	0
2020/01/11 00:12:00	2020/01/11 00:13:00	0.0	0	0	0.0	0	0	0
2020/01/11 00:13:00	2020/01/11 00:14:00	0.0	0	0	0.0	0	0	0
2020/01/11 00:14:00	2020/01/11 00:15:00	0.0	0	0	0.0	0	0	0
2020/01/11 00:15:00	2020/01/11 00:16:00	0.0	0	0	0.0	0	0	0
2020/01/11 00:16:00	2020/01/11 00:17:00	0.0	0	0	0.0	0	0	0
2020/01/11 00:17:00	2020/01/11 00:18:00	0.0	0	0	0.0	0	0	0
2020/01/11 00:18:00	2020/01/11 00:19:00	0.0	0	0	0.0	0	0	0
2020/01/11 00:19:00	2020/01/11 00:20:00	0.0	0	0	0.0	0	0	0
2020/01/11 00:20:00	2020/01/11 00:21:00	0.0	0	0	0.0	0	0	0
2020/01/11 00:21:00	2020/01/11 00:22:00	0.0	0	0	0.0	0	0	0
2020/01/11 00:22:00	2020/01/11 00:23:00	0.0	0	0	0.0	0	0	0
2020/01/11 00:24:00	2020/01/11 00:25:00	0.0	0	0	0.0	0	0	0
2020/01/11 00:25:00	2020/01/11 00:26:00	0.0	0	0	0.0	0	0	0
2020/01/11 00:26:00	2020/01/11 00:27:00	0.0	0	0	0.0	0	0	0
2020/01/11 00:27:00	2020/01/11 00:28:00	0.0	0	0	0.0	0	0	0
2020/01/11 00:28:00	2020/01/11 00:29:00	0.0	0	0	0.0	0	0	0
2020/01/11 00:29:00	2020/01/11 00:30:00	0.0	0	0	0.0	0	0	0
2020/01/11 00:30:00	2020/01/11 00:31:00	0.0	0	0	0.0	0	0	0
2020/01/11 00:31:00	2020/01/11 00:32:00	0.0	0	0	0.0	0	0	0
2020/01/11 00:33:00	2020/01/11 00:34:00	0.0	0	0	0.0	0	0	0
2020/01/11 00:35:00	2020/01/11 00:36:00	0.0	0	0	0.0	0	0	0
2020/01/11 00:37:00	2020/01/11 00:38:00	0.0	0	0	0.0	0	0	0
2020/01/11 00:38:00	2020/01/11 00:39:00	0.0	0	0	0.0	0	0	0
2020/01/11 00:39:00	2020/01/11 00:40:00	0.0	0	0	0.0	0	0	0
2020/01/11 00:40:00	2020/01/11 00:41:00	0.0	0	0	0.0	0	0	0
2020/01/11 00:41:00	2020/01/11 00:42:00	0.0	0	0	0.0	0	0	0
2020/01/11 00:42:00	2020/01/11 00:43:00	0.0	0	0	0.0	0	0	0
2020/01/11 00:44:00	2020/01/11 00:45:00	0.0	0	0	0.0	0	0	0
2020/01/11 00:45:00	2020/01/11 00:46:00	0.0	0	0	0.0	0	0	0
2020/01/11 00:46:00	2020/01/11 00:47:00	0.0	0	0	0.0	0	0	0
2020/01/11 00:48:00	2020/01/11 00:49:00	0.0	0	0	0.0	0	0	0
2020/01/11 00:49:00	2020/01/11 00:50:00	0.0	0	0	0.0	0	0	0
2020/01/11 00:50:00	2020/01/11 00:51:00	0.0	0	0	0.0	0	0	0
2020/01/11 00:51:00	2020/01/11 00:52:00	0.0	0	0	0.0	0	0	0
2020/01/11 00:52:00	2020/01/11 00:53:00	0.0	0	0	0.0	0	0	0
2020/01/11 00:54:00	2020/01/11 00:55:00	0.0	0	0	0.0	0	0	0
2020/01/11 00:55:00	2020/01/11 00:56:00	0.0	0	0	0.0	0	0	0
2020/01/11 00:56:00	2020/01/11 00:57:00	0.0	0	0	0.0	0	0	0
2020/01/11 00:57:00	2020/01/11 00:58:00	0.0	0	0	0.0	0	0	0
2020/01/11 00:58:00	2020/01/11 00:59:00	0.0	0	0	0.0	0	0	0
2020/01/11 00:59:00	2020/01/11 01:00:00	0.0	0	0	0.0	0	0	0
2020/01/11 01:00:00	2020/01/11 01:01:00	0.0	0	0	0.0	0	0	0
2020/01/11 01:01:00	2020/01/11 01:02:00	0.0	0	0	0.0	0	0	0
2020/01/11 01:02:00	2020/01/11 01:03:00	0.0	0	0	0.0	0	0	0
2020/01/11 01:03:00	2020/01/11 01:04:00	0.0	0	0	0.0	0	0	0
2020/01/11 01:04:00	2020/01/11 01:05:00	0.0	0	0	0.0	0	0	0
2020/01/11 01:05:00	2020/01/11 01:06:00	0.0	0	0	0.0	0	0	0
2020/01/11 01:06:00	2020/01/11 01:07:00	0.0	0	0	0.0	0	0	0
2020/01/11 01:07:00	2020/01/11 01:08:00	0.0	0	0	0.0	0	0	0
2020/01/11 01:08:00	2020/01/11 01:09:00	0.0	0	0	0.0	0	0	0
2020/01/11 01:09:00	2020/01/11 01:10:00	0.0	0	0	0.0	0	0	0
2020/01/11 01:10:00	2020/01/11 01:11:00	0.0	0	0	0.0	0	0	0
2020/01/11 01:11:00	2020/01/11 01:12:00	0.0	0	0	0.0	0	0	0
2020/01/11 01:12:00	2020/01/11 01:13:00	0.0	0	0	0.0	0	0	0
2020/01/11 01:13:00	2020/01/11 01:14:00	0.0	0	0	0.0	0	0	0
2020/01/11 01:14:00	2020/01/11 01:15:00	0.0	0	0	0.0	0	0	0
2020/01/11 01:15:00	2020/01/11 01:16:00	0.0	0	0	0.0	0	0	0
2020/01/11 01:16:00	2020/01/11 01:17:00	0.0	0	0	0.0	0	0	0
2020/01/11 01:17:00	2020/01/11 01:18:00	0.0	0	0	0.0	0	0	0
2020/01/11 01:18:00	2020/01/11 01:19:00	0.0	0	0	0.0	0	0	0
2020/01/11 01:19:00	2020/01/11 01:20:00	0.0	0	0	0.0	0	0	0
2020/01/11 01:21:00	2020/01/11 01:22:00	0.0	0	0	0.0	0	0	0
2020/01/11 01:22:00	2020/01/11 01:23:00	0.0	0	0	0.0	0	0	0
2020/01/11 01:23:00	2020/01/11 01:24:00	0.0	0	0	0.0	0	0	0
2020/01/11 01:24:00	2020/01/11 01:25:00	0.0	0	0	0.0	0	0	0
2020/01/11 01:25:00	2020/01/11 01:26:00	0.0	0	0	0.0	0	0	0
2020/01/11 01:26:00	2020/01/11 01:27:00	0.0	0	0	0.0	0	0	0
2020/01/11 01:27:00	2020/01/11 01:28:00	0.0	0	0	0.0	0	0	0
2020/01/11 01:28:00	2020/01/11 01:29:00	0.0	0	0	0.0	0	0	0
2020/01/11 01:29:00	2020/01/11 01:30:00	0.0	0	0	0.0	0	0	0
2020/01/11 01:30:00	2020/01/11 01:31:00	0.0	0	0	0.0	0	0	0
2020/01/11 01:31:00	2020/01/11 01:32:00	0.0	0	0	0.0	0	0	0
2020/01/11 01:32:00	2020/01/11 01:33:00	0.0	0	0	0.0	0	0	0
2020/01/11 01:33:00	2020/01/11 01:34:00	0.0	0	0	0.0	0	0	0
2020/01/11 01:34:00	2020/01/11 01:35:00	0.0	0	0	0.0	0	0	0
2020/01/11 01:35:00	2020/01/11 01:36:00	0.0	0	0	0.0	0	0	0
2020/01/11 01:36:00	2020/01/11 01:37:00	0.0	0	0	0.0	0	0	0
2020/01/11 01:37:00	2020/01/11 01:38:00	0.0	0	0	0.0	0	0	0
2020/01/11 01:38:00	2020/01/11 01:39:00	0.0	0	0	0.0	0	0	0
2020/01/11 01:39:00	2020/01/11 01:40:00	0.0	0	0	0.0	0	0	0
2020/01/11 01:40:00	2020/01/11 01:41:00	0.0	0	0	0.0	0	0	0
2020/01/11 01:41:00	2020/01/11 01:42:00	0.0	0	0	0.0	0	0	0
2020/01/11 01:42:00	2020/01/11 01:43:00	0.0	0	0	0.0	0	0	0
2020/01/11 01:43:00	2020/01/11 01:44:00	0.0	0	0	0.0	0	0	0
2020/01/11 01:44:00	2020/01/11 01:45:00	0.0	0	0	0.0	0	0	0
2020/01/11 01:45:00	2020/01/11 01:46:00	0.0	0	0	0.0	0	0	0
2020/01/11 01:46:00	2020/01/11 01:47:00	0.0	0	0	0.0	0	0	0
2020/01/11 01:47:00	2020/01/11 01:48:00	0.0	0	0	0.0	0	0	0
2020/01/11 01:49:00	2020/01/11 01:50:00	0.0	0	0	0.0	0	0	0
2020/01/11 01:50:00	2020/01/11 01:51:00	0.0	0	0	0.0	0	0	0
2020/01/11 01:51:00	2020/01/11 01:52:00	0.0	0	0	0.0	0	0	0
2020/01/11 01:52:00	2020/01/11 01:53:00	0.0	0	0	0.0	0	0	0
2020/01/11 01:53:00	2020/01/11 01:54:00	0.0	0	0	0.0	0	0	0
2020/01/11 01:54:00	2020/01/11 01:55:00	0.0	0	0	0.0	0	0	0
2020/01/11 01:55:00	2020/01/11 01:56:00	0.0	0	0	0.0	0	0	0
2020/01/11 01:56:00	2020/01/11 01:57:00	0.0	0	0	0.0	0	0	0
2020/01/11 01:57:00	2020/01/11 01:58:00	0.0	0	0	0.0	0	0	0
2020/01/11 01:59:00	2020/01/11 02:00:00	0.0	0	0	0.0	0	0	0
2020/01/11 02:00:00	2020/01/11 02:01:00	0.0	0	0	0.0	0	0	0
2020/01/11 02:01:00	2020/01/11 02:02:00	0.0	0	0	0.0	0	0	0
2020/01/11 02:02:00	2020/01/11 02:03:00	0.0	0	0	0.0	0	0	0
2020/01/11 02:03:00	2020/01/11 02:04:00	0.0	0	0	0.0	0	0	0
2020/01/11 02:04:00	2020/01/11 02:05:00	0.0	0	0	0.0	0	0	0
2020/01/11 02:05:00	2020/01/11 02:06:00	0.0	0	0	0.0	0	0	0
2020/01/11 02:06:00	2020/01/11 02:07:00	0.0	0	0	0.0	0	0	0
2020/01/11 02:07:00	2020/01/11 02:08:00	0.0	0	0	0.0	0	0	0
2020/01/11 02:08:00	2020/01/11 02:09:00	0.0	0	0	0.0	0	0	0
2020/01/11 02:09:00	2020/01/11 02:10:00	0.0	0	0	0.0	0	0	0
2020/01/11 02:10:00	2020/01/11 02:11:00	0.0	0	0	0.0	0	0	0
2020/01/11 02:11:00	2020/01/11 02:12:00	0.0	0	0	0.0	0	0	0
2020/01/11 02:12:00	2020/01/11 02:13:00	0.0	0	0	0.0	0	0	0
2020/01/11 02:13:00	2020/01/11 02:14:00	0.0	0	0	0.0	0	0	0
2020/01/11 02:14:00	2020/01/11 02:15:00	0.0	0	0	0.0	0	0	0
2020/01/11 02:15:00	2020/01/11 02:16:00	0.0	0	0	0.0	0	0	0
2020/01/11 02:16:00	2020/01/11 02:17:00	0.0	0	0	0.0	0	0	0
2020/01/11 02:17:00	2020/01/11 02:18:00	0.0	0	0	0.0	0	0	0
2020/01/11 02:18:00	2020/01/11 02:19:00	0.0	0	0	0.0	0	0	0
2020/01/11 02:19:00	2020/01/11 02:20:00	0.0	0	0	0.0	0	0	0
2020/01/11 02:20:00	2020/01/11 02:21:00	0.0	0	0	0.0	0	0	0
2020/01/11 02:21:00	2020/01/11 02:22:00	0.0	0	0	0.0	0	0	0
2020/01/11 02:22:00	2020/01/11 02:23:00	0.0	0	0	0.0	0	0	0
2020/01/11 02:23:00	2020/01/11 02:24:00	0.0	0	0	0.0	0	0	0
2020/01/11 02:24:00	2020/01/11 02:25:00	0.0	0	0	0.0	0	0	0
2020/01/11 02:25:00	2020/01/11 02:26:00	0.0	0	0	0.0	0	0	0
2020/01/11 02:26:00	2020/01/11 02:27:00	0.0	0	0	0.0	0	0	0
2020/01/11 02:27:00	2020/01/11 02:28:00	0.0	0	0	0.0	0	0	0
2020/01/11 02:28:00	2020/01/11 02:29:00	0.0	0	0	0.0	0	0	0
2020/01/11 02:29:00	2020/01/11 02:30:00	0.0	0	0	0.0	0	0	0
2020/01/11 02:30:00	2020/01/11 02:31:00	0.0	0	0	0.0	0	0	0
2020/01/11 02:31:00	2020/01/11 02:32:00	0.0	0	0	0.0	0	0	0
2020/01/11 02:32:00	2020/01/11 02:33:00	0.0	0	0	0.0	0	0	0
2020/01/11 02:33:00	2020/01/11 02:34:00	0.0	0	0	0.0	0	0	0
2020/01/11 02:34:00	2020/01/11 02:35:00	0.0	0	0	0.0	0	0	0
2020/01/11 02:35:00	2020/01/11 02:36:00	0.0	0	0	0.0	0	0	0
2020/01/11 02:36:00	2020/01/11 02:37:00	0.0	0	0	0.0	0	0	0
2020/01/11 02:37:00	2020/01/11 02:38:00	0.0	0	0	0.0	0	0	0
2020/01/11 02:38:00	2020/01/11 02:39:00	0.0	0	0	0.0	0	0	0
2020/01/11 02:39:00	2020/01/11 02:40:00	0.0	0	0	0.0	0	0	0
2020/01/11 02:40:00	2020/01/11 02:41:00	0.0	0	0	0.0	0	0	0
2020/01/11 02:41:00	2020/01/11 02:42:00	0.0	0	0	0.0	0	0	0
2020/01/11 02:42:00	2020/01/11 02:43:00	0.0	0	0	0.0	0	0	0
2020/01/11 02:43:00	2020/01/11 02:44:00	0.0	0	0	0.0	0	0	0
2020/01/11 02:44:00	2020/01/11 02:45:00	0.0	0	0	0.0	0	0	0
2020/01/11 02:45:00	2020/01/11 02:46:00	0.0	0	0	0.0	0	0	0
2020/01/11 02:46:00	2020/01/11 02:47:00	0.0	0	0	0.0	0	0	0
2020/01/11 02:47:00	2020/01/11 02:48:00	0.0	0	0	0.0	0	0	0
2020/01/11 02:48:00	2020/01/11 02:49:00	0.0	0	0	0.0	0	0	0
2020/01/11 02:49:00	2020/01/11 02:50:00	0.0	0	0	0.0	0	0	0
2020/01/11 02:50:00	2020/01/11 02:51:00	0.0	0	0	0.0	0	0	0
2020/01/11 02:51:00	2020/01/11 02:52:00	0.0	0	0	0.0	0	0	0
2020/01/11 02:54:00	2020/01/11 02:55:00	0.0	0	0	0.0	0	0	0
2020/01/11 02:55:00	2020/01/11 02:56:00	0.0	0	0	0.0	0	0	0
2020/01/11 02:56:00	2020/01/11 02:57:00	0.0	0	0	0.0	0	0	0
2020/01/11 02:57:00	2020/01/11 02:58:00	0.0	0	0	0.0	0	0	0
2020/01/11 02:58:00	2020/01/11 02:59:00	0.0	0	0	0.0	0	0	0
2020/01/11 03:00:00	2020/01/11 03:01:00	0.0	0	0	0.0	0	0	0
2020/01/11 03:01:00	2020/01/11 03:02:00	0.0	0	0	0.0	0	0	0
2020/01/11 03:02:00	2020/01/11 03:03:00	0.0	0	0	0.0	0	0	0
2020/01/11 03:03:00	2020/01/11 03:04:00	0.0	0	0	0.0	0	0	0
2020/01/11 03:04:00	2020/01/11 03:05:00	0.0	0	0	0.0	0	0	0
2020/01/11 03:05:00	2020/01/11 03:06:00	0.0	0	0	0.0	0	0	0
2020/01/11 03:06:00	2020/01/11 03:07:00	0.0	0	0	0.0	0	0	0
2020/01/11 03:07:00	2020/01/11 03:08:00	0.0	0	0	0.0	0	0	0
2020/01/11 03:08:00	2020/01/11 03:09:00	0.0	0	0	0.0	0	0	0
2020/01/11 03:09:00	2020/01/11 03:10:00	0.0	0	0	0.0	0	0	0
2020/01/11 03:10:00	2020/01/11 03:11:00	0.0	0	0	0.0	0	0	0
2020/01/11 03:11:00	2020/01/11 03:12:00	0.0	0	0	0.0	0	0	0
2020/01/11 03:12:00	2020/01/11 03:13:00	0.0	0	0	0.0	0	0	0
2020/01/11 03:13:00	2020/01/11 03:14:00	0.0	0	0	0.0	0	0	0
2020/01/11 03:14:00	2020/01/11 03:15:00	0.0	0	0	0.0	0	0	0
2020/01/11 03:15:00	2020/01/11 03:16:00	0.0	0	0	0.0	0	0	0
2020/01/11 03:16:00	2020/01/11 03:17:00	0.0	0	0	0.0	0	0	0
2020/01/11 03:17:00	2020/01/11 03:18:00	0.0	0	0	0.0	0	0	0
2020/01/11 03:18:00	2020/01/11 03:19:00	0.0	0	0	0.0	0	0	0
2020/01/11 03:19:00	2020/01/11 03:20:00	0.0	0	0	0.0	0	0	0
2020/01/11 03:20:00	2020/01/11 03:21:00	0.0	0	0	0.0	0	0	0
2020/01/11 03:21:00	2020/01/11 03:22:00	0.0	0	0	0.0	0	0	0
2020/01/11 03:22:00	2020/01/11 03:23:00	0.0	0	0	0.0	0	0	0
2020/01/11 03:23:00	2020/01/11 03:24:00	0.0	0	0	0.0	0	0	0
2020/01/11 03:24:00	2020/01/11 03:25:00	0.0	0	0	0.0	0	0	0
2020/01/11 03:25:00	2020/01/11 03:26:00	0.0	0	0	0.0	0	0	0
2020/01/11 03:26:00	2020/01/11 03:27:00	0.0	0	0	0.0	0	0	0
2020/01/11 03:27:00	2020/01/11 03:28:00	0.0	0	0	0.0	0	0	0
2020/01/11 03:28:00	2020/01/11 03:29:00	0.0	0	0	0.0	0	0	0
2020/01/11 03:29:00	2020/01/11 03:30:00	0.0	0	0	0.0	0	0	0
2020/01/11 03:30:00	2020/01/11 03:31:00	0.0	0	0	0.0	0	0	0
2020/01/11 03:33:00	2020/01/11 03:34:00	0.0	0	0	0.0	0	0	0
2020/01/11 03:34:00	2020/01/11 03:35:00	0.0	0	0	0.0	0	0	0
2020/01/11 03:35:00	2020/01/11 03:36:00	0.0	0	0	0.0	0	0	0
2020/01/11 03:36:00	2020/01/11 03:37:00	0.0	0	0	0.0	0	0	0
2020/01/11 03:37:00	2020/01/11 03:38:00	0.0	0	0	0.0	0	0	0
2020/01/11 03:38:00	2020/01/11 03:39:00	0.0	0	0	0.0	0	0	0
2020/01/11 03:39:00	2020/01/11 03:40:00	0.0	0	0	0.0	0	0	0
2020/01/11 03:40:00	2020/01/11 03:41:00	0.0	0	0	0.0	0	0	0
2020/01/11 03:41:00	2020/01/11 03:42:00	0.0	0	0	0.0	0	0	0
2020/01/11 03:44:00	2020/01/11 03:45:00	0.0	0	0	0.0	0	0	0
2020/01/11 03:45:00	2020/01/11 03:46:00	0.0	0	0	0.0	0	0	0
2020/01/11 03:46:00	2020/01/11 03:47:00	0.0	0	0	0.0	0	0	0
2020/01/11 03:48:00	2020/01/11 03:49:00	0.0	0	0	0.0	0	0	0
2020/01/11 03:49:00	2020/01/11 03:50:00	0.0	0	0	0.0	0	0	0
2020/01/11 03:51:00	2020/01/11 03:52:00	0.0	0	0	0.0	0	0	0
2020/01/11 03:52:00	2020/01/11 03:53:00	0.0	0	0	0.0	0	0	0
2020/01/11 03:53:00	2020/01/11 03:54:00	0.0	0	0	0.0	0	0	0
2020/01/11 03:54:00	2020/01/11 03:55:00	0.0	0	0	0.0	0	0	0
2020/01/11 03:55:00	2020/01/11 03:56:00	0.0	0	0	0.0	0	0	0
2020/01/11 03:57:00	2020/01/11 03:58:00	0.0	0	0	0.0	0	0	0
2020/01/11 03:58:00	2020/01/11 03:59:00	0.0	0	0	0.0	0	0	0
2020/01/11 03:59:00	2020/01/11 04:00:00	0.0	0	0	0.0	0	0	0
2020/01/11 04:00:00	2020/01/11 04:01:00	0.0	0	0	0.0	0	0	0
2020/01/11 04:01:00	2020/01/11 04:02:00	0.0	0	0	0.0	0	0	0
2020/01/11 04:02:00	2020/01/11 04:03:00	0.0	0	0	0.0	0	0	0
2020/01/11 04:03:00	2020/01/11 04:04:00	0.0	0	0	0.0	0	0	0
2020/01/11 04:04:00	2020/01/11 04:05:00	0.0	0	0	0.0	0	0	0
2020/01/11 04:06:00	2020/01/11 04:07:00	0.0	0	0	0.0	0	0	0
2020/01/11 04:07:00	2020/01/11 04:08:00	0.0	0	0	0.0	0	0	0
2020/01/11 04:08:00	2020/01/11 04:09:00	0.0	0	0	0.0	0	0	0
2020/01/11 04:10:00	2020/01/11 04:11:00	0.0	0	0	0.0	0	0	0
2020/01/11 04:11:00	2020/01/11 04:12:00	0.0	0	0	0.0	0	0	0
2020/01/11 04:12:00	2020/01/11 04:13:00	0.0	0	0	0.0	0	0	0
2020/01/11 04:15:00	2020/01/11 04:16:00	0.0	0	0	0.0	0	0	0
2020/01/11 04:16:00	2020/01/11 04:17:00	0.0	0	0	0.0	0	0	0
2020/01/11 04:17:00	2020/01/11 04:18:00	0.0	0	0	0.0	0	0	0
2020/01/11 04:18:00	2020/01/11 04:19:00	0.0	0	0	0.0	0	0	0
2020/01/11 04:19:00	2020/01/11 04:20:00	0.0	0	0	0.0	0	0	0
2020/01/11 04:20:00	2020/01/11 04:21:00	0.0	0	0	0.0	0	0	0
2020/01/11 04:21:00	2020/01/11 04:22:00	0.0	0	0	0.0	0	0	0
2020/01/11 04:23:00	2020/01/11 04:24:00	0.0	0	0	0.0	0	0	0
2020/01/11 04:24:00	2020/01/11 04:25:00	0.0	0	0	0.0	0	0	0
2020/01/11 04:25:00	2020/01/11 04:26:00	0.0	0	0	0.0	0	0	0
2020/01/11 04:26:00	2020/01/11 04:27:00	0.0	0	0	0.0	0	0	0
2020/01/11 04:27:00	2020/01/11 04:28:00	0.0	0	0	0.0	0	0	0
2020/01/11 04:28:00	2020/01/11 04:29:00	0.0	0	0	0.0	0	0	0
2020/01/11 04:29:00	2020/01/11 04:30:00	0.0	0	0	0.0	0	0	0
2020/01/11 04:30:00	2020/01/11 04:31:00	0.0	0	0	0.0	0	0	0
2020/01/11 04:31:00	2020/01/11 04:32:00	0.0	0	0	0.0	0	0	0
2020/01/11 04:32:00	2020/01/11 04:33:00	0.0	0	0	0.0	0	0	0
2020/01/11 04:33:00	2020/01/11 04:34:00	0.0	0	0	0.0	0	0	0
2020/01/11 04:34:00	2020/01/11 04:35:00	0.0	0	0	0.0	0	0	0
2020/01/11 04:35:00	2020/01/11 04:36:00	0.0	0	0	0.0	0	0	0
2020/01/11 04:36:00	2020/01/11 04:37:00	0.0	0	0	0.0	0	0	0
2020/01/11 04:37:00	2020/01/11 04:38:00	0.0	0	0	0.0	0	0	0
2020/01/11 04:38:00	2020/01/11 04:39:00	0.0	0	0	0.0	0	0	0
2020/01/11 04:39:00	2020/01/11 04:40:00	0.0	0	0	0.0	0	0	0
2020/01/11 04:40:00	2020/01/11 04:41:00	0.0	0	0	0.0	0	0	0
2020/01/11 04:41:00	2020/01/11 04:42:00	0.0	0	0	0.0	0	0	0
2020/01/11 04:42:00	2020/01/11 04:43:00	0.0	0	0	0.0	0	0	0
2020/01/11 04:43:00	2020/01/11 04:44:00	0.0	0	0	0.0	0	0	0
2020/01/11 04:44:00	2020/01/11 04:45:00	0.0	0	0	0.0	0	0	0
2020/01/11 04:45:00	2020/01/11 04:46:00	0.0	0	0	0.0	0	0	0
2020/01/11 04:47:00	2020/01/11 04:48:00	0.0	0	0	0.0	0	0	0
2020/01/11 04:48:00	2020/01/11 04:49:00	0.0	0	0	0.0	0	0	0
2020/01/11 04:49:00	2020/01/11 04:50:00	0.0	0	0	0.0	0	0	0
2020/01/11 04:50:00	2020/01/11 04:51:00	0.0	0	0	0.0	0	0	0
2020/01/11 04:51:00	2020/01/11 04:52:00	0.0	0	0	0.0	0	0	0
2020/01/11 04:52:00	2020/01/11 04:53:00	0.0	0	0	0.0	0	0	0
2020/01/11 04:53:00	2020/01/11 04:54:00	0.0	0	0	0.0	0	0	0
2020/01/11 04:54:00	2020/01/11 04:55:00	0.0	0	0	0.0	0	0	0
2020/01/11 04:55:00	2020/01/11 04:56:00	0.0	0	0	0.0	0	0	0
2020/01/11 04:56:00	2020/01/11 04:57:00	0.0	0	0	0.0	0	0	0
2020/01/11 04:57:00	2020/01/11 04:58:00	0.0	0	0	0.0	0	0	0
2020/01/11 04:58:00	2020/01/11 04:59:00	0.0	0	0	0.0	0	0	0
2020/01/11 04:59:00	2020/01/11 05:00:00	0.0	0	0	0.0	0	0	0
2020/01/11 05:00:00	2020/01/11 05:01:00	0.0	0	0	0.0	0	0	0
2020/01/11 05:01:00	2020/01/11 05:02:00	0.0	0	0	0.0	0	0	0
2020/01/11 05:02:00	2020/01/11 05:03:00	0.0	0	0	0.0	0	0	0
2020/01/11 05:03:00	2020/01/11 05:04:00	0.0	0	0	0.0	0	0	0
2020/01/11 05:04:00	2020/01/11 05:05:00	0.0	0	0	0.0	0	0	0
2020/01/11 05:05:00	2020/01/11 05:06:00	0.0	0	0	0.0	0	0	0
2020/01/11 05:06:00	2020/01/11 05:07:00	0.0	0	0	0.0	0	0	0
2020/01/11 05:07:00	2020/01/11 05:08:00	0.0	0	0	0.0	0	0	0
2020/01/11 05:08:00	2020/01/11 05:09:00	0.0	0	0	0.0	0	0	0
2020/01/11 05:09:00	2020/01/11 05:10:00	0.0	0	0	0.0	0	0	0
2020/01/11 05:10:00	2020/01/11 05:11:00	0.0	0	0	0.0	0	0	0
2020/01/11 05:11:00	2020/01/11 05:12:00	0.0	0	0	0.0	0	0	0
2020/01/11 05:12:00	2020/01/11 05:13:00	0.0	0	0	0.0	0	0	0
2020/01/11 05:13:00	2020/01/11 05:14:00	0.0	0	0	0.0	0	0	0
2020/01/11 05:14:00	2020/01/11 05:15:00	0.0	0	0	0.0	0	0	0
2020/01/11 05:15:00	2020/01/11 05:16:00	0.0	0	0	0.0	0	0	0
2020/01/11 05:16:00	2020/01/11 05:17:00	0.0	0	0	0.0	0	0	0
2020/01/11 05:17:00	2020/01/11 05:18:00	0.0	0	0	0.0	0	0	0
2020/01/11 05:18:00	2020/01/11 05:19:00	0.0	0	0	0.0	0	0	0
2020/01/11 05:19:00	2020/01/11 05:20:00	0.0	0	0	0.0	0	0	0
2020/01/11 05:20:00	2020/01/11 05:21:00	0.0	0	0	0.0	0	0	0
2020/01/11 05:21:00	2020/01/11 05:22:00	0.0	0	0	0.0	0	0	0
2020/01/11 05:22:00	2020/01/11 05:23:00	0.0	0	0	0.0	0	0	0
2020/01/11 05:23:00	2020/01/11 05:24:00	0.0	0	0	0.0	0	0	0
2020/01/11 05:24:00	2020/01/11 05:25:00	0.0	0	0	0.0	0	0	0
2020/01/11 05:25:00	2020/01/11 05:26:00	0.0	0	0	0.0	0	0	0
2020/01/11 05:27:00	2020/01/11 05:28:00	0.0	0	0	0.0	0	0	0
2020/01/11 05:28:00	2020/01/11 05:29:00	0.0	0	0	0.0	0	0	0
2020/01/11 05:29:00	2020/01/11 05:30:00	0.0	0	0	0.0	0	0	0
2020/01/11 05:31:00	2020/01/11 05:32:00	0.0	0	0	0.0	0	0	0
2020/01/11 05:32:00	2020/01/11 05:33:00	0.0	0	0	0.0	0	0	0
2020/01/11 05:33:00	2020/01/11 05:34:00	0.0	0	0	0.0	0	0	0
2020/01/11 05:34:00	2020/01/11 05:35:00	0.0	0	0	0.0	0	0	0
2020/01/11 05:35:00	2020/01/11 05:36:00	0.0	0	0	0.0	0	0	0
2020/01/11 05:36:00	2020/01/11 05:37:00	0.0	0	0	0.0	0	0	0
2020/01/11 05:37:00	2020/01/11 05:38:00	0.0	0	0	0.0	0	0	0
2020/01/11 05:38:00	2020/01/11 05:39:00	0.0	0	0	0.0	0	0	0
2020/01/11 05:39:00	2020/01/11 05:40:00	0.0	0	0	0.0	0	0	0
2020/01/11 05:40:00	2020/01/11 05:41:00	0.0	0	0	0.0	0	0	0
2020/01/11 05:41:00	2020/01/11 05:42:00	0.0	0	0	0.0	0	0	0
2020/01/11 05:42:00	2020/01/11 05:43:00	0.0	0	0	0.0	0	0	0
2020/01/11 05:43:00	2020/01/11 05:44:00	0.0	0	0	0.0	0	0	0
2020/01/11 05:46:00	2020/01/11 05:47:00	0.0	0	0	0.0	0	0	0
2020/01/11 05:47:00	2020/01/11 05:48:00	0.0	0	0	0.0	0	0	0
2020/01/11 05:48:00	2020/01/11 05:49:00	0.0	0	0	0.0	0	0	0
2020/01/11 05:49:00	2020/01/11 05:50:00	0.0	0	0	0.0	0	0	0
2020/01/11 05:50:00	2020/01/11 05:51:00	0.0	0	0	0.0	0	0	0
2020/01/11 05:51:00	2020/01/11 05:52:00	0.0	0	0	0.0	0	0	0
2020/01/11 05:52:00	2020/01/11 05:53:00	0.0	0	0	0.0	0	0	0
2020/01/11 05:53:00	2020/01/11 05:54:00	0.0	0	0	0.0	0	0	0
2020/01/11 05:54:00	2020/01/11 05:55:00	0.0	0	0	0.0	0	0	0
2020/01/11 05:55:00	2020/01/11 05:56:00	0.0	0	0	0.0	0	0	0
2020/01/11 05:56:00	2020/01/11 05:57:00	0.0	0	0	0.0	0	0	0
2020/01/11 05:58:00	2020/01/11 05:59:00	0.0	0	0	0.0	0	0	0
2020/01/11 05:59:00	2020/01/11 06:00:00	0.0	0	0	0.0	0	0	0
2020/01/11 06:00:00	2020/01/11 06:01:00	0.0	0	0	0.0	0	0	0
2020/01/11 06:01:00	2020/01/11 06:02:00	0.0	0	0	0.0	0	0	0
2020/01/11 06:02:00	2020/01/11 06:03:00	0.0	0	0	0.0	0	0	0
2020/01/11 06:03:00	2020/01/11 06:04:00	0.0	0	0	0.0	0	0	0
2020/01/11 06:04:00	2020/01/11 06:05:00	0.0	0	0	0.0	0	0	0
2020/01/11 06:05:00	2020/01/11 06:06:00	0.0	0	0	0.0	0	0	0
2020/01/11 06:06:00	2020/01/11 06:07:00	0.0	0	0	0.0	0	0	0
2020/01/11 06:08:00	2020/01/11 06:09:00	0.0	0	0	0.0	0	0	0
2020/01/11 06:09:00	2020/01/11 06:10:00	0.0	0	0	0.0	0	0	0
2020/01/11 06:10:00	2020/01/11 06:11:00	0.0	0	0	0.0	0	0	0
2020/01/11 06:11:00	2020/01/11 06:12:00	0.0	0	0	0.0	0	0	0
2020/01/11 06:12:00	2020/01/11 06:13:00	0.0	0	0	0.0	0	0	0
2020/01/11 06:13:00	2020/01/11 06:14:00	0.0	0	0	0.0	0	0	0
2020/01/11 06:14:00	2020/01/11 06:15:00	0.0	0	0	0.0	0	0	0
2020/01/11 06:15:00	2020/01/11 06:16:00	0.0	0	0	0.0	0	0	0
2020/01/11 06:16:00	2020/01/11 06:17:00	0.0	0	0	0.0	0	0	0
2020/01/11 06:17:00	2020/01/11 06:18:00	0.0	0	0	0.0	0	0	0
2020/01/11 06:18:00	2020/01/11 06:19:00	0.0	0	0	0.0	0	0	0
2020/01/11 06:19:00	2020/01/11 06:20:00	0.0	0	0	0.0	0	0	0
2020/01/11 06:20:00	2020/01/11 06:21:00	0.0	0	0	0.0	0	0	0
2020/01/11 06:21:00	2020/01/11 06:22:00	0.0	0	0	0.0	0	0	0
2020/01/11 06:22:00	2020/01/11 06:23:00	0.0	0	0	0.0	0	0	0
2020/01/11 06:23:00	2020/01/11 06:24:00	0.0	0	0	0.0	0	0	0
2020/01/11 06:24:00	2020/01/11 06:25:00	0.0	0	0	0.0	0	0	0
2020/01/11 06:25:00	2020/01/11 06:26:00	0.0	0	0	0.0	0	0	0
2020/01/11 06:26:00	2020/01/11 06:27:00	0.0	0	0	0.0	0	0	0
2020/01/11 06:27:00	2020/01/11 06:28:00	0.0	0	0	0.0	0	0	0
2020/01/11 06:28:00	2020/01/11 06:29:00	0.0	0	0	0.0	0	0	0
2020/01/11 06:29:00	2020/01/11 06:30:00	0.0	0	0	0.0	0	0	0
2020/01/11 06:30:00	2020/01/11 06:31:00	0.0	0	0	0.0	0	0	0
2020/01/11 06:31:00	2020/01/11 06:32:00	0.0	0	0	0.0	0	0	0
2020/01/11 06:32:00	2020/01/11 06:33:00	0.0	0	0	0.0	0	0	0
2020/01/11 06:33:00	2020/01/11 06:34:00	0.0	0	0	0.0	0	0	0
2020/01/11 06:34:00	2020/01/11 06:35:00	0.0	0	0	0.0	0	0	0
2020/01/11 06:35:00	2020/01/11 06:36:00	0.0	0	0	0.0	0	0	0
2020/01/11 06:36:00	2020/01/11 06:37:00	0.0	0	0	0.0	0	0	0
2020/01/11 06:37:00	2020/01/11 06:38:00	0.0	0	0	0.0	0	0	0
2020/01/11 06:38:00	2020/01/11 06:39:00	0.0	0	0	0.0	0	0	0
2020/01/11 06:39:00	2020/01/11 06:40:00	0.0	0	0	0.0	0	0	0
2020/01/11 06:40:00	2020/01/11 06:41:00	0.0	0	0	0.0	0	0	0
2020/01/11 06:41:00	2020/01/11 06:42:00	0.0	0	0	0.0	0	0	0
2020/01/11 06:42:00	2020/01/11 06:43:00	0.0	0	0	0.0	0	0	0
2020/01/11 06:43:00	2020/01/11 06:44:00	0.0	0	0	0.0	0	0	0
2020/01/11 06:44:00	2020/01/11 06:45:00	0.0	0	0	0.0	0	0	0
2020/01/11 06:45:00	2020/01/11 06:46:00	0.0	0	0	0.0	0	0	0
2020/01/11 06:47:00	2020/01/11 06:48:00	0.0	0	0	0.0	0	0	0
2020/01/11 06:48:00	2020/01/11 06:49:00	0.0	0	0	0.0	0	0	0
2020/01/11 06:49:00	2020/01/11 06:50:00	0.0	0	0	0.0	0	0	0
2020/01/11 06:50:00	2020/01/11 06:51:00	0.0	0	0	0.0	0	0	0
2020/01/11 06:51:00	2020/01/11 06:52:00	0.0	0	0	0.0	0	0	0
2020/01/11 06:52:00	2020/01/11 06:53:00	0.0	0	0	0.0	0	0	0
2020/01/11 06:53:00	2020/01/11 06:54:00	0.0	0	0	0.0	0	0	0
2020/01/11 06:55:00	2020/01/11 06:56:00	0.0	0	0	0.0	0	0	0
2020/01/11 06:56:00	2020/01/11 06:57:00	0.0	0	0	0.0	0	0	0
2020/01/11 06:57:00	2020/01/11 06:58:00	0.0	0	0	0.0	0	0	0
2020/01/11 06:58:00	2020/01/11 06:59:00	0.0	0	0	0.0	0	0	0
2020/01/11 06:59:00	2020/01/11 07:00:00	0.0	0	0	0.0	0	0	0
2020/01/11 07:00:00	2020/01/11 07:01:00	0.0	0	0	0.0	0	0	0
2020/01/11 07:01:00	2020/01/11 07:02:00	0.35	2	1	10.5	16	5	2
2020/01/11 07:02:00	2020/01/11 07:03:00	2.6166666666666667	3	2	22.428571428571427	60	4	7
2020/01/11 07:03:00	2020/01/11 07:04:00	2.85	4	2	14.25	59	4	12
2020/01/11 07:04:00	2020/01/11 07:05:00	3.7333333333333334	5	3	24.88888888888889	60	5	9
2020/01/11 07:05:00	2020/01/11 07:06:00	3.95	5	3	21.545454545454547	59	2	11
2020/01/11 07:06:00	2020/01/11 07:07:00	4.25	6	2	15.9375	60	2	16
2020/01/11 07:07:00	2020/01/11 07:08:00	4.583333333333333	6	3	17.1875	59	4	16
2020/01/11 07:08:00	2020/01/11 07:09:00	4.733333333333333	6	3	16.705882352941178	59	2	17
2020/01/11 07:09:00	2020/01/11 07:10:00	3.8333333333333335	5	2	11.5	59	2	20
2020/01/11 07:10:00	2020/01/11 07:11:00	4.516666666666667	7	3	12.318181818181818	59	2	22
2020/01/11 07:11:00	2020/01/11 07:12:00	4.516666666666667	6	3	15.941176470588236	60	2	17
2020/01/11 07:12:00	2020/01/11 07:13:00	4.9	6	3	17.294117647058822	59	3	17
2020/01/11 07:13:00	2020/01/11 07:14:00	4.333333333333333	5	3	14.444444444444445	60	2	18
2020/01/11 07:14:00	2020/01/11 07:15:00	4.283333333333333	6	3	23.363636363636363	59	5	11
2020/01/11 07:15:00	2020/01/11 07:16:00	4.15	5	3	22.636363636363637	60	4	11
2020/01/11 07:16:00	2020/01/11 07:17:00	4.133333333333334	6	3	19.076923076923077	59	2	13
2020/01/11 07:17:00	2020/01/11 07:18:00	4.35	6	3	20.076923076923077	60	2	13
2020/01/11 07:18:00	2020/01/11 07:19:00	3.9166666666666665	5	3	29.375	60	5	8
2020/01/11 07:19:00	2020/01/11 07:20:00	3.9833333333333334	5	4	39.833333333333336	59	11	6
2020/01/11 07:20:00	2020/01/11 07:21:00	4.416666666666667	6	4	26.5	60	5	10
2020/01/11 07:21:00	2020/01/11 07:22:00	4.05	5	3	30.375	60	5	8
2020/01/11 07:22:00	2020/01/11 07:23:00	3.966666666666667	5	3	29.75	59	3	8
2020/01/11 07:23:00	2020/01/11 07:24:00	4.333333333333333	6	4	23.636363636363637	59	1	11
2020/01/11 07:24:00	2020/01/11 07:25:00	4.35	6	3	26.1	60	4	10
2020/01/11 07:25:00	2020/01/11 07:26:00	4.483333333333333	5	4	29.88888888888889	60	5	9
2020/01/11 07:26:00	2020/01/11 07:27:00	4.333333333333333	6	4	32.5	59	6	8
2020/01/11 07:27:00	2020/01/11 07:28:00	4.283333333333333	6	3	25.7	59	5	10
2020/01/11 07:28:00	2020/01/11 07:29:00	4.4	5	4	33.0	60	6	8
2020/01/11 07:29:00	2020/01/11 07:30:00	4.55	6	4	24.818181818181817	60	1	11
2020/01/11 07:30:00	2020/01/11 07:31:00	4.533333333333333	5	4	30.22222222222222	59	5	9
2020/01/11 07:31:00	2020/01/11 07:32:00	4.533333333333333	5	4	22.666666666666668	58	3	12
2020/01/11 07:32:00	2020/01/11 07:33:00	4.65	6	4	21.46153846153846	60	1	13
2020/01/11 07:33:00	2020/01/11 07:34:00	4.616666666666666	6	4	27.7	59	5	10
2020/01/11 07:34:00	2020/01/11 07:35:00	4.55	5	4	30.333333333333332	60	5	9
2020/01/11 07:35:00	2020/01/11 07:36:00	4.533333333333333	5	4	24.727272727272727	59	5	11
2020/01/11 07:36:00	2020/01/11 07:37:00	4.666666666666667	5	4	28.0	60	2	10
2020/01/11 07:37:00	2020/01/11 07:38:00	4.733333333333333	6	4	21.846153846153847	59	1	13
2020/01/11 07:39:00	2020/01/11 07:40:00	4.75	5	4	28.5	60	3	10
2020/01/11 07:40:00	2020/01/11 07:41:00	4.533333333333333	6	4	24.727272727272727	56	2	11
2020/01/11 07:41:00	2020/01/11 07:42:00	4.45	6	4	22.25	57	1	12
2020/01/11 07:42:00	2020/01/11 07:43:00	4.983333333333333	6	4	27.181818181818183	60	1	11
2020/01/11 07:43:00	2020/01/11 07:44:00	4.733333333333333	7	4	20.285714285714285	60	4	14
2020/01/11 07:44:00	2020/01/11 07:45:00	5.0	6	3	15.789473684210526	60	5	19
2020/01/11 07:45:00	2020/01/11 07:46:00	4.333333333333333	7	3	23.636363636363637	60	1	11
2020/01/11 07:46:00	2020/01/11 07:47:00	4.733333333333333	7	3	16.705882352941178	59	2	17
2020/01/11 07:47:00	2020/01/11 07:48:00	4.9	7	3	26.727272727272727	59	4	11
2020/01/11 07:48:00	2020/01/11 07:49:00	4.616666666666666	6	4	25.181818181818183	60	5	11
2020/01/11 07:49:00	2020/01/11 07:50:00	4.616666666666666	6	4	27.7	60	5	10
2020/01/11 07:50:00	2020/01/11 07:51:00	4.666666666666667	6	4	25.454545454545453	59	5	11
2020/01/11 07:51:00	2020/01/11 07:52:00	4.716666666666667	6	4	25.727272727272727	60	1	11
2020/01/11 07:52:00	2020/01/11 07:53:00	5.166666666666667	6	4	20.666666666666668	60	1	15
2020/01/11 07:53:00	2020/01/11 07:54:00	5.35	7	4	21.4	59	5	15
2020/01/11 07:54:00	2020/01/11 07:55:00	5.383333333333334	7	4	14.681818181818182	60	1	22
2020/01/11 07:55:00	2020/01/11 07:56:00	5.8	7	4	13.92	60	1	25
2020/01/11 07:56:00	2020/01/11 07:57:00	6.1	7	5	14.64	60	4	25
2020/01/11 07:57:00	2020/01/11 07:58:00	5.483333333333333	8	4	14.304347826086957	59	2	23
2020/01/11 07:58:00	2020/01/11 07:59:00	5.266666666666667	7	2	13.73913043478261	58	2	23
2020/01/11 07:59:00	2020/01/11 08:00:00	5.7	8	4	18.0	60	3	19
2020/01/11 08:00:00	2020/01/11 08:01:00	6.05	9	5	17.285714285714285	59	5	21
2020/01/11 08:01:00	2020/01/11 08:02:00	5.416666666666667	7	4	16.25	59	1	20
2020/01/11 08:02:00	2020/01/11 08:03:00	5.466666666666667	7	3	21.866666666666667	60	1	15
2020/01/11 08:03:00	2020/01/11 08:04:00	5.683333333333334	7	4	17.05	60	1	20
2020/01/11 08:04:00	2020/01/11 08:05:00	5.366666666666666	7	3	17.88888888888889	59	1	18
2020/01/11 08:05:00	2020/01/11 08:06:00	5.533333333333333	7	3	16.6	60	4	20
2020/01/11 08:06:00	2020/01/11 08:07:00	5.033333333333333	6	4	20.133333333333333	59	5	15
2020/01/11 08:07:00	2020/01/11 08:08:00	5.083333333333333	6	3	19.0625	58	1	16
2020/01/11 08:08:00	2020/01/11 08:09:00	4.6	5	4	19.714285714285715	59	1	14
2020/01/11 08:09:00	2020/01/11 08:10:00	4.983333333333333	6	4	23.0	60	5	13
2020/01/11 08:10:00	2020/01/11 08:11:00	5.083333333333333	6	4	19.0625	60	4	16
2020/01/11 08:11:00	2020/01/11 08:12:00	4.75	6	4	35.625	59	4	8
2020/01/11 08:12:00	2020/01/11 08:13:00	4.883333333333334	5	4	36.625	60	6	8
2020/01/11 08:13:00	2020/01/11 08:14:00	4.783333333333333	5	4	41.0	58	2	7
2020/01/11 08:14:00	2020/01/11 08:15:00	4.816666666666666	5	4	32.111111111111114	59	3	9
2020/01/11 08:15:00	2020/01/11 08:16:00	4.9	6	4	32.666666666666664	59	4	9
2020/01/11 08:16:00	2020/01/11 08:17:00	5.0	5	5	42.857142857142854	60	6	7
2020/01/11 08:17:00	2020/01/11 08:18:00	4.933333333333334	5	4	59.2	60	56	5
2020/01/11 08:18:00	2020/01/11 08:19:00	4.95	5	4	49.5	60	25	6
2020/01/11 08:19:00	2020/01/11 08:20:00	4.933333333333334	5	4	49.333333333333336	60	19	6
2020/01/11 08:20:00	2020/01/11 08:21:00	5.083333333333333	6	5	43.57142857142857	59	5	7
2020/01/11 08:21:00	2020/01/11 08:22:00	5.0	5	5	60.0	60	60	5
2020/01/11 08:22:00	2020/01/11 08:23:00	5.0	5	5	60.0	60	60	5
2020/01/11 08:23:00	2020/01/11 08:24:00	4.916666666666667	5	4	42.142857142857146	60	9	7
2020/01/11 08:24:00	2020/01/11 08:25:00	5.166666666666667	6	5	44.285714285714285	60	5	7
2020/01/11 08:25:00	2020/01/11 08:26:00	5.083333333333333	6	5	43.57142857142857	60	4	7
2020/01/11 08:26:00	2020/01/11 08:27:00	4.8	5	4	48.0	59	5	6
2020/01/11 08:27:00	2020/01/11 08:28:00	4.816666666666666	5	4	48.166666666666664	60	21	6
2020/01/11 08:28:00	2020/01/11 08:29:00	4.816666666666666	5	4	48.166666666666664	60	16	6
2020/01/11 08:29:00	2020/01/11 08:30:00	4.6	5	4	39.42857142857143	60	4	7
2020/01/11 08:30:00	2020/01/11 08:31:00	4.666666666666667	5	4	40.0	59	4	7
2020/01/11 08:31:00	2020/01/11 08:32:00	5.0	5	5	60.0	60	60	5
2020/01/11 08:32:00	2020/01/11 08:33:00	5.083333333333333	6	5	50.833333333333336	60	5	6
2020/01/11 08:33:00	2020/01/11 08:34:00	4.916666666666667	5	5	59.0	59	59	5
2020/01/11 08:34:00	2020/01/11 08:35:00	5.15	6	5	51.5	60	9	6
2020/01/11 08:35:00	2020/01/11 08:36:00	4.933333333333334	5	4	49.333333333333336	60	23	6
2020/01/11 08:36:00	2020/01/11 08:37:00	4.833333333333333	5	5	58.0	58	58	5
2020/01/11 08:37:00	2020/01/11 08:38:00	5.0	5	5	60.0	60	60	5
2020/01/11 08:38:00	2020/01/11 08:39:00	5.0	5	5	60.0	60	60	5
2020/01/11 08:39:00	2020/01/11 08:40:00	5.0	5	5	60.0	60	60	5
2020/01/11 08:40:00	2020/01/11 08:41:00	4.916666666666667	5	5	59.0	59	59	5
2020/01/11 08:41:00	2020/01/11 08:42:00	5.0	5	5	60.0	60	60	5
2020/01/11 08:42:00	2020/01/11 08:43:00	5.0	5	5	60.0	60	60	5
2020/01/11 08:43:00	2020/01/11 08:44:00	5.0	5	5	50.0	60	18	6
2020/01/11 08:44:00	2020/01/11 08:45:00	4.783333333333333	5	4	47.833333333333336	59	9	6
2020/01/11 08:45:00	2020/01/11 08:46:00	4.916666666666667	5	4	49.166666666666664	60	26	6
2020/01/11 08:46:00	2020/01/11 08:47:00	4.866666666666666	5	4	48.666666666666664	60	20	6
2020/01/11 08:47:00	2020/01/11 08:48:00	4.783333333333333	5	4	41.0	59	11	7
2020/01/11 08:48:00	2020/01/11 08:49:00	4.75	5	4	47.5	60	14	6
2020/01/11 08:49:00	2020/01/11 08:50:00	4.783333333333333	5	4	41.0	60	2	7
2020/01/11 08:50:00	2020/01/11 08:51:00	4.65	5	4	39.857142857142854	60	5	7
2020/01/11 08:51:00	2020/01/11 08:52:00	4.5	5	4	45.0	60	13	6
2020/01/11 08:52:00	2020/01/11 08:53:00	4.283333333333333	5	4	36.714285714285715	59	1	7
2020/01/11 08:53:00	2020/01/11 08:54:00	4.333333333333333	5	4	37.142857142857146	60	2	7
2020/01/11 08:54:00	2020/01/11 08:55:00	4.35	5	4	37.285714285714285	58	7	7
2020/01/11 08:55:00	2020/01/11 08:56:00	4.55	5	4	45.5	60	15	6
2020/01/11 08:56:00	2020/01/11 08:57:00	4.1	5	4	49.2	60	6	5
2020/01/11 08:58:00	2020/01/11 08:59:00	4.1	5	3	35.142857142857146	59	3	7
2020/01/11 08:59:00	2020/01/11 09:00:00	4.933333333333334	6	4	42.285714285714285	60	6	7
2020/01/11 09:00:00	2020/01/11 09:01:00	4.333333333333333	7	4	32.5	58	1	8
2020/01/11 09:01:00	2020/01/11 09:02:00	4.816666666666666	6	4	36.125	59	5	8
2020/01/11 09:02:00	2020/01/11 09:03:00	4.9	6	4	29.4	58	3	10
2020/01/11 09:03:00	2020/01/11 09:04:00	4.0	5	3	21.818181818181817	60	2	11
2020/01/11 09:04:00	2020/01/11 09:05:00	4.15	5	4	27.666666666666668	60	4	9
2020/01/11 09:05:00	2020/01/11 09:06:00	3.933333333333333	5	3	19.666666666666668	59	1	12
2020/01/11 09:06:00	2020/01/11 09:07:00	3.3833333333333333	4	3	25.375	59	4	8
2020/01/11 09:07:00	2020/01/11 09:08:00	4.15	5	3	27.666666666666668	60	3	9
2020/01/11 09:08:00	2020/01/11 09:09:00	4.633333333333334	5	4	27.8	59	5	10
2020/01/11 09:09:00	2020/01/11 09:10:00	4.416666666666667	5	3	22.083333333333332	60	2	12
2020/01/11 09:10:00	2020/01/11 09:11:00	5.1	6	4	43.714285714285715	60	9	7
2020/01/11 09:11:00	2020/01/11 09:12:00	4.383333333333334	5	3	32.875	60	4	8
2020/01/11 09:12:00	2020/01/11 09:13:00	4.083333333333333	5	4	49.0	60	5	5
2020/01/11 09:13:00	2020/01/11 09:14:00	4.166666666666667	5	3	31.25	60	5	8
2020/01/11 09:14:00	2020/01/11 09:15:00	4.083333333333333	5	4	49.0	60	17	5
2020/01/11 09:15:00	2020/01/11 09:16:00	3.816666666666667	4	3	38.166666666666664	58	2	6
2020/01/11 09:16:00	2020/01/11 09:17:00	4.0	5	3	34.285714285714285	60	2	7
2020/01/11 09:17:00	2020/01/11 09:18:00	3.9166666666666665	4	3	39.166666666666664	59	12	6
2020/01/11 09:18:00	2020/01/11 09:19:00	4.066666666666666	5	4	40.666666666666664	60	3	6
2020/01/11 09:19:00	2020/01/11 09:20:00	4.133333333333334	5	4	41.333333333333336	60	3	6
2020/01/11 09:20:00	2020/01/11 09:21:00	4.05	5	4	48.6	60	3	5
2020/01/11 09:21:00	2020/01/11 09:22:00	4.016666666666667	5	4	48.2	59	5	5
2020/01/11 09:22:00	2020/01/11 09:23:00	4.0	4	4	60.0	60	60	4
2020/01/11 09:23:00	2020/01/11 09:24:00	4.0	4	4	60.0	60	60	4
2020/01/11 09:24:00	2020/01/11 09:25:00	3.783333333333333	4	3	32.42857142857143	60	5	7
2020/01/11 09:25:00	2020/01/11 09:26:00	4.0	5	3	30.0	60	2	8
2020/01/11 09:26:00	2020/01/11 09:27:00	3.8833333333333333	4	3	46.6	60	4	5
2020/01/11 09:27:00	2020/01/11 09:28:00	4.0	4	4	60.0	60	60	4
2020/01/11 09:28:00	2020/01/11 09:29:00	4.0	4	4	48.0	60	6	5
2020/01/11 09:31:00	2020/01/11 09:32:00	3.9	4	3	46.8	60	23	5
2020/01/11 09:32:00	2020/01/11 09:33:00	3.7666666666666666	4	3	28.25	60	3	8
2020/01/11 09:33:00	2020/01/11 09:34:00	3.9166666666666665	5	3	33.57142857142857	60	5	7
2020/01/11 09:34:00	2020/01/11 09:35:00	3.7	5	3	27.75	60	2	8
2020/01/11 09:35:00	2020/01/11 09:36:00	4.066666666666666	5	3	30.5	60	5	8
2020/01/11 09:36:00	2020/01/11 09:37:00	4.4	6	3	22.0	59	5	12
2020/01/11 09:37:00	2020/01/11 09:38:00	4.5	7	4	22.5	60	1	12
2020/01/11 09:38:00	2020/01/11 09:39:00	4.0	4	4	60.0	60	60	4
2020/01/11 09:39:00	2020/01/11 09:40:00	3.95	4	3	47.4	60	15	5
2020/01/11 09:40:00	2020/01/11 09:41:00	3.966666666666667	5	4	47.6	58	6	5
2020/01/11 09:41:00	2020/01/11 09:42:00	4.0	4	4	60.0	60	60	4
2020/01/11 09:42:00	2020/01/11 09:43:00	3.9833333333333334	4	3	47.8	60	6	5
2020/01/11 09:43:00	2020/01/11 09:44:00	4.033333333333333	5	3	34.57142857142857	59	8	7
2020/01/11 09:44:00	2020/01/11 09:45:00	4.0	4	4	60.0	60	60	4
2020/01/11 09:45:00	2020/01/11 09:46:00	3.8666666666666667	4	3	38.666666666666664	59	12	6
2020/01/11 09:46:00	2020/01/11 09:47:00	3.9833333333333334	4	3	47.8	60	21	5
2020/01/11 09:47:00	2020/01/11 09:48:00	4.0	4	4	60.0	60	60	4
2020/01/11 09:48:00	2020/01/11 09:49:00	4.0	4	4	60.0	60	60	4
2020/01/11 09:49:00	2020/01/11 09:50:00	4.0	4	4	60.0	60	60	4
2020/01/11 09:50:00	2020/01/11 09:51:00	3.9166666666666665	4	3	47.0	59	17	5
2020/01/11 09:51:00	2020/01/11 09:52:00	4.0	4	4	60.0	60	60	4
2020/01/11 09:52:00	2020/01/11 09:53:00	3.9833333333333334	4	3	39.833333333333336	60	7	6
2020/01/11 09:53:00	2020/01/11 09:54:00	4.0	5	3	40.0	60	6	6
2020/01/11 09:54:00	2020/01/11 09:55:00	3.8666666666666667	4	3	29.0	59	6	8
2020/01/11 09:55:00	2020/01/11 09:56:00	3.8666666666666667	4	4	46.4	58	28	5
2020/01/11 09:56:00	2020/01/11 09:57:00	3.8	4	3	45.6	58	10	5
2020/01/11 09:57:00	2020/01/11 09:58:00	3.9	4	3	39.0	59	9	6
2020/01/11 09:58:00	2020/01/11 09:59:00	3.933333333333333	5	3	39.333333333333336	60	7	6
2020/01/11 09:59:00	2020/01/11 10:00:00	4.183333333333334	5	4	41.833333333333336	60	5	6
2020/01/11 10:00:00	2020/01/11 10:01:00	4.566666666666666	6	3	27.4	58	1	10
2020/01/11 10:01:00	2020/01/11 10:02:00	4.816666666666666	5	4	48.166666666666664	58	1	6
2020/01/11 10:02:00	2020/01/11 10:03:00	5.25	6	5	39.375	60	6	8
2020/01/11 10:03:00	2020/01/11 10:04:00	5.116666666666666	6	4	43.857142857142854	60	8	7
2020/01/11 10:05:00	2020/01/11 10:06:00	5.0	7	4	25.0	60	5	12
2020/01/11 10:06:00	2020/01/11 10:07:00	3.9166666666666665	4	3	47.0	59	5	5
2020/01/11 10:07:00	2020/01/11 10:08:00	4.466666666666667	6	4	44.666666666666664	59	5	6
2020/01/11 10:08:00	2020/01/11 10:09:00	5.183333333333334	6	5	44.42857142857143	59	5	7
2020/01/11 10:13:00	2020/01/11 10:14:00	4.983333333333333	5	4	42.714285714285715	60	8	7
2020/01/11 10:14:00	2020/01/11 10:15:00	4.716666666666667	5	4	40.42857142857143	60	5	7
2020/01/11 10:15:00	2020/01/11 10:16:00	4.0	4	4	60.0	60	60	4
2020/01/11 10:16:00	2020/01/11 10:17:00	3.9833333333333334	4	3	39.833333333333336	60	5	6
2020/01/11 10:17:00	2020/01/11 10:18:00	3.816666666666667	4	3	38.166666666666664	58	2	6
2020/01/11 10:18:00	2020/01/11 10:19:00	4.05	6	3	27.0	60	1	9
2020/01/11 10:19:00	2020/01/11 10:20:00	4.05	5	4	48.6	60	3	5
2020/01/11 10:20:00	2020/01/11 10:21:00	4.55	5	4	45.5	60	10	6
2020/01/11 10:21:00	2020/01/11 10:22:00	4.783333333333333	6	4	31.88888888888889	60	5	9
2020/01/11 10:22:00	2020/01/11 10:23:00	4.083333333333333	5	4	49.0	60	5	5
2020/01/11 10:23:00	2020/01/11 10:24:00	4.05	5	3	40.5	60	7	6
2020/01/11 10:24:00	2020/01/11 10:25:00	4.45	5	4	33.375	59	5	8
2020/01/11 10:25:00	2020/01/11 10:26:00	4.116666666666666	5	3	41.166666666666664	60	16	6
2020/01/11 10:26:00	2020/01/11 10:27:00	4.083333333333333	5	4	40.833333333333336	58	1	6
2020/01/11 10:27:00	2020/01/11 10:28:00	3.8833333333333333	4	3	46.6	60	3	5
2020/01/11 10:28:00	2020/01/11 10:29:00	3.8666666666666667	4	4	58.0	58	58	4
2020/01/11 10:29:00	2020/01/11 10:30:00	4.366666666666666	6	4	37.42857142857143	60	6	7
2020/01/11 10:30:00	2020/01/11 10:31:00	5.083333333333333	6	5	50.833333333333336	59	10	6
2020/01/11 10:31:00	2020/01/11 10:32:00	4.983333333333333	6	4	37.375	59	5	8
2020/01/11 10:32:00	2020/01/11 10:33:00	5.483333333333333	6	5	36.55555555555556	60	5	9
2020/01/11 10:33:00	2020/01/11 10:34:00	4.9	6	4	42.0	60	5	7
2020/01/11 10:34:00	2020/01/11 10:35:00	3.95	5	3	47.4	58	7	5
2020/01/11 10:35:00	2020/01/11 10:36:00	4.766666666666667	6	3	31.77777777777778	60	4	9
2020/01/11 10:36:00	2020/01/11 10:37:00	4.533333333333333	6	4	45.333333333333336	60	5	6
2020/01/11 10:37:00	2020/01/11 10:38:00	3.95	5	4	47.4	58	5	5
2020/01/11 10:38:00	2020/01/11 10:39:00	4.466666666666667	5	4	44.666666666666664	59	13	6
2020/01/11 10:39:00	2020/01/11 10:40:00	4.05	5	4	48.6	60	3	5
2020/01/11 10:40:00	2020/01/11 10:41:00	4.3	5	4	32.25	60	5	8
2020/01/11 10:41:00	2020/01/11 10:42:00	4.0	4	4	60.0	60	60	4
2020/01/11 10:42:00	2020/01/11 10:43:00	4.05	5	3	30.375	60	8	8
2020/01/11 10:43:00	2020/01/11 10:44:00	3.95	5	3	33.857142857142854	60	2	7
2020/01/11 10:44:00	2020/01/11 10:45:00	3.9166666666666665	5	3	29.375	59	5	8
2020/01/11 10:45:00	2020/01/11 10:46:00	4.0	4	4	60.0	60	60	4
2020/01/11 10:46:00	2020/01/11 10:47:00	4.183333333333334	5	4	50.2	60	11	5
2020/01/11 10:47:00	2020/01/11 10:48:00	4.0	4	4	60.0	60	60	4
2020/01/11 10:48:00	2020/01/11 10:49:00	3.9833333333333334	5	3	34.142857142857146	59	5	7
2020/01/11 10:49:00	2020/01/11 10:50:00	3.95	4	3	47.4	60	21	5
2020/01/11 10:50:00	2020/01/11 10:51:00	4.15	6	3	24.9	60	5	10
2020/01/11 10:51:00	2020/01/11 10:52:00	3.8666666666666667	5	3	21.09090909090909	58	5	11
2020/01/11 10:52:00	2020/01/11 10:53:00	3.816666666666667	5	3	32.714285714285715	60	7	7
2020/01/11 10:53:00	2020/01/11 10:54:00	4.05	5	3	30.375	60	5	8
2020/01/11 10:54:00	2020/01/11 10:55:00	4.166666666666667	5	4	41.666666666666664	60	5	6
2020/01/11 10:55:00	2020/01/11 10:56:00	4.516666666666667	5	4	38.714285714285715	60	4	7
2020/01/11 10:56:00	2020/01/11 10:57:00	4.95	6	4	27.0	60	5	11
2020/01/11 10:57:00	2020/01/11 10:58:00	5.15	6	4	30.9	60	5	10
2020/01/11 10:58:00	2020/01/11 10:59:00	4.116666666666666	5	3	27.444444444444443	58	1	9
2020/01/11 10:59:00	2020/01/11 11:00:00	3.8666666666666667	4	3	38.666666666666664	60	8	6
2020/01/11 11:00:00	2020/01/11 11:01:00	3.8	4	3	32.57142857142857	60	5	7
2020/01/11 11:01:00	2020/01/11 11:02:00	3.65	4	3	36.5	57	6	6
2020/01/11 11:02:00	2020/01/11 11:03:00	3.6333333333333333	4	3	27.25	59	1	8
2020/01/11 11:03:00	2020/01/11 11:04:00	3.933333333333333	4	3	39.333333333333336	60	5	6
2020/01/11 11:04:00	2020/01/11 11:05:00	3.8833333333333333	4	3	29.125	60	1	8
2020/01/11 11:05:00	2020/01/11 11:06:00	3.7	4	3	44.4	59	7	5
2020/01/11 11:06:00	2020/01/11 11:07:00	4.016666666666667	5	4	48.2	60	8	5
2020/01/11 11:07:00	2020/01/11 11:08:00	4.0	4	4	60.0	60	60	4
2020/01/11 11:08:00	2020/01/11 11:09:00	4.0	5	3	40.0	60	12	6
2020/01/11 11:09:00	2020/01/11 11:10:00	4.083333333333333	5	4	40.833333333333336	60	5	6
2020/01/11 11:10:00	2020/01/11 11:11:00	4.183333333333334	5	4	41.833333333333336	60	5	6
2020/01/11 11:11:00	2020/01/11 11:12:00	4.333333333333333	5	4	37.142857142857146	60	5	7
2020/01/11 11:12:00	2020/01/11 11:13:00	4.4	7	4	29.333333333333332	58	4	9
2020/01/11 11:13:00	2020/01/11 11:14:00	4.216666666666667	5	4	36.142857142857146	60	3	7
2020/01/11 11:14:00	2020/01/11 11:15:00	4.516666666666667	5	4	38.714285714285715	60	5	7
2020/01/11 11:15:00	2020/01/11 11:16:00	4.266666666666667	5	4	36.57142857142857	58	5	7
2020/01/11 11:16:00	2020/01/11 11:17:00	4.366666666666666	5	4	29.11111111111111	59	1	9
2020/01/11 11:17:00	2020/01/11 11:18:00	4.2	5	4	50.4	60	12	5
2020/01/11 11:18:00	2020/01/11 11:19:00	4.633333333333334	5	4	46.333333333333336	60	18	6
2020/01/11 11:19:00	2020/01/11 11:20:00	4.016666666666667	5	4	48.2	59	5	5
2020/01/11 11:20:00	2020/01/11 11:21:00	4.433333333333334	5	4	44.333333333333336	60	19	6
2020/01/11 11:21:00	2020/01/11 11:22:00	4.183333333333334	5	4	50.2	60	11	5
2020/01/11 11:22:00	2020/01/11 11:23:00	4.033333333333333	5	3	20.166666666666668	60	5	12
2020/01/11 11:23:00	2020/01/11 11:24:00	4.066666666666666	5	4	48.8	60	4	5
2020/01/11 11:24:00	2020/01/11 11:25:00	4.05	5	4	48.6	60	3	5
2020/01/11 11:25:00	2020/01/11 11:26:00	4.6	5	4	39.42857142857143	60	6	7
2020/01/11 11:26:00	2020/01/11 11:27:00	4.416666666666667	5	4	53.0	59	29	5
2020/01/11 11:27:00	2020/01/11 11:28:00	4.183333333333334	5	3	35.857142857142854	60	7	7
2020/01/11 11:28:00	2020/01/11 11:29:00	4.133333333333334	5	4	41.333333333333336	60	3	6
2020/01/11 11:29:00	2020/01/11 11:30:00	4.516666666666667	6	4	33.875	60	2	8
2020/01/11 11:30:00	2020/01/11 11:31:00	4.283333333333333	5	4	36.714285714285715	60	5	7
2020/01/11 11:31:00	2020/01/11 11:32:00	4.133333333333334	5	4	35.42857142857143	60	1	7
2020/01/11 11:32:00	2020/01/11 11:33:00	4.216666666666667	5	3	36.142857142857146	60	6	7
2020/01/11 11:33:00	2020/01/11 11:34:00	4.033333333333333	5	4	48.4	59	6	5
2020/01/11 11:34:00	2020/01/11 11:35:00	3.8833333333333333	4	3	38.833333333333336	60	4	6
2020/01/11 11:35:00	2020/01/11 11:36:00	3.8333333333333335	5	3	32.857142857142854	60	5	7
2020/01/11 11:36:00	2020/01/11 11:37:00	3.966666666666667	5	3	29.75	60	4	8
2020/01/11 11:37:00	2020/01/11 11:38:00	3.933333333333333	4	3	39.333333333333336	60	13	6
2020/01/11 11:38:00	2020/01/11 11:39:00	4.083333333333333	5	4	49.0	60	5	5
2020/01/11 11:39:00	2020/01/11 11:40:00	4.583333333333333	5	4	39.285714285714285	60	8	7
2020/01/11 11:40:00	2020/01/11 11:41:00	4.2	5	4	42.0	59	5	6
2020/01/11 11:41:00	2020/01/11 11:42:00	4.233333333333333	5	4	42.333333333333336	60	6	6
2020/01/11 11:42:00	2020/01/11 11:43:00	4.35	5	3	37.285714285714285	60	4	7
2020/01/11 11:43:00	2020/01/11 11:44:00	4.333333333333333	5	3	32.5	60	2	8
